id;name;weight;lemmawordid;dishid
0;400;0
1;300;1
2;200;2
3;100;3
4;100;4
5;100;5
6;30;4
7;20;6
8;400;7
9;10;8
10;200;9
11;100;3
12;100;10
13;100;2
14;100;4
15;100;5
16;20;11
17;400;7
18;400;12
19;200;13
20;400;5
21;100;4
22;50;14
23;20;11
24;400;15
25;2000;7
26;400;16
27;200;2
28;200;3
29;200;5
30;100;4
31;20;17
32;600;7
33;50;13
34;200;5
35;10;11
36;5;8
37;100;4
38;1000;7
39;30;7
40;10;14
41;360;18
42;400;15
43;200;19
44;200;2
45;100;3
46;100;4
47;1000;7
48;50;20
49;200;12
50;100;10
51;100;3
52;100;21
53;100;22
54;100;23
55;800;7
56;100;4
57;2;24
58;100;5
59;600;25
60;200;26
61;200;9
62;200;19
63;20;14
64;200;25
65;5;11
66;100;19
67;3;8
68;5;27
69;5;14
70;160;28
71;100;4
72;20;29
73;250;30
74;150;31
75;250;7
76;200;32
77;800;7
78;150;3
79;100;4
80;20;29
81;10;8
82;80;13
83;200;1
84;300;5
85;100;4
86;20;29
87;20;8
88;300;33
89;500;7
90;3;34
91;200;35
92;200;36
93;120;37
94;100;3
95;100;4
96;20;6
97;600;7
98;400;5
99;300;19
100;100;4
101;200;21
102;20;8
103;10;11
104;60;38
105;30;39
106;40;14
107;200;40
108;200;12
109;200;26
110;200;2
111;200;19
112;100;4
113;50;14
114;500;41
115;500;42
116;100;2
117;100;4
118;100;3
119;4000;7
120;500;12
121;100;20
122;80;3
123;50;8
124;80;4
125;800;2
126;600;43
127;2000;7
128;30;44
129;1349;7
130;100;45
131;70;21
132;70;46
133;150;3
134;527;2
135;1012;47
136;3;48
137;2000;7
138;80;29
139;3;14
140;50;26
141;80;3
142;80;4
143;600;49
144;600;1
145;110;4
146;80;3
147;120;3
148;100;23
149;10;8
150;120;12
151;500;7
152;50;14
153;50;11
154;100;4
155;150;4
156;300;3
157;200;50
158;2000;7
159;300;2
160;30;48
161;3;21
162;2;51
163;5;8
164;7;6
165;13;14
166;250;29
167;60;26
168;50;30
169;25;8
170;25;29
171;25;52
172;200;7
173;400;30
174;500;53
175;5;40
176;5;54
177;12;8
178;5;21
179;30;48
180;100;14
181;3000;7
182;450;2
183;250;3
184;150;4
185;1200;55
186;200;20
187;120;56
188;5;48
189;3;21
190;100;4
191;30;8
192;1000;7
193;1000;4
194;5;48
195;1300;7
196;50;15
197;250;57
198;1000;10
199;500;0
200;200;4
201;70;6
202;20;8
203;20;29
204;40;14
205;2000;7
206;60;3
207;1000;3
208;1000;7
209;150;4
210;15;11
211;10;8
212;5;27
213;40;14
214;40;27
215;10;8
216;500;7
217;20;40
218;100;26
219;3;58
220;5;14
221;3;59
222;350;40
223;90;5
224;50;21
225;50;11
226;100;60
227;80;18
228;80;4
229;100;61
230;70;62
231;75;3
232;50;37
233;100;22
234;60;26
235;20;8
236;50;4
237;100;3
238;400;2
239;2000;7
240;100;3
241;100;4
242;200;20
243;300;2
244;30;8
245;20;14
246;2000;7
247;3;21
248;1000;7
249;3;48
250;3;34
251;5;8
252;20;63
253;70;4
254;150;3
255;500;53
256;400;2
257;200;3
258;10;8
259;60;4
260;1800;7
261;500;64
262;40;65
263;40;21
264;10;48
265;400;10
266;4;51
267;20;6
268;5;47
269;150;3
270;25;3
271;75;4
272;8;11
273;100;66
274;34;8
275;2;21
276;2000;7
277;3;21
278;1;51
279;10;67
280;3;21
281;40;11
282;300;4
283;5;48
284;3000;7
285;500;64
286;10;68
287;100;4
288;50;21
289;200;10
290;150;50
291;100;5
292;1000;7
293;5;48
294;10;8
295;600;69
296;1200;7
297;100;4
298;2;21
299;5;48
300;2;51
301;50;14
302;230;70
303;700;2
304;500;64
305;2500;7
306;100;3
307;100;4
308;5;51
309;10;48
310;10;14
311;35;8
312;60;4
313;700;71
314;500;2
315;100;3
316;1500;7
317;20;48
318;200;72
319;500;0
320;500;7
321;100;29
322;50;8
323;300;4
324;100;3
325;30;8
326;50;6
327;150;4
328;450;2
329;50;20
330;2000;7
331;300;73
332;50;74
333;2000;7
334;200;3
335;200;2
336;300;75
337;400;7
338;5;14
339;20;3
340;50;19
341;15;4
342;100;2
343;200;76
344;2000;7
345;400;75
346;25;4
347;250;7
348;80;3
349;10;52
350;5;48
351;40;65
352;200;32
353;20;8
354;400;9
355;200;26
356;400;19
357;200;77
358;100;4
359;50;14
360;5;48
361;2;21
362;500;25
363;500;7
364;600;2
365;5;48
366;50;8
367;80;65
368;75;4
369;800;7
370;400;64
371;500;10
372;60;65
373;380;78
374;50;39
375;60;8
376;70;3
377;300;19
378;70;4
379;350;64
380;5000;7
381;3000;7
382;60;8
383;15;6
384;70;3
385;50;4
386;250;70
387;400;2
388;400;79
389;250;19
390;100;4
391;150;80
392;10;81
393;2000;7
394;250;64
395;300;2
396;200;26
397;50;77
398;3000;7
399;50;65
400;20;14
401;60;8
402;250;9
403;50;4
404;50;3
405;300;2
406;500;82
407;500;10
408;500;16
409;500;2
410;100;4
411;2000;7
412;100;14
413;5;83
414;400;22
415;220;84
416;200;21
417;70;4
418;1000;15
419;750;7
420;300;85
421;80;4
422;100;26
423;50;4
424;1000;7
425;20;14
426;10;48
427;1000;7
428;20;65
429;230;2
430;182;1
431;200;1
432;120;5
433;40;8
434;85;21
435;85;3
436;85;4
437;30;14
438;5;86
439;30;87
440;10;4
441;60;64
442;70;82
443;4;88
444;3000;7
445;50;4
446;100;3
447;300;26
448;300;89
449;300;12
450;450;2
451;100;80
452;5;48
453;68;19
454;10;14
455;350;7
456;110;26
457;270;25
458;25;4
459;55;89
460;3;52
461;3;48
462;10;8
463;5;11
464;1000;47
465;50;13
466;100;32
467;350;90
468;15;4
469;300;12
470;50;91
471;100;4
472;100;3
473;100;2
474;4;11
475;20;8
476;30;14
477;5;48
478;3;21
479;1000;7
480;15;14
481;10;48
482;10;34
483;40;8
484;600;7
485;70;4
486;200;2
487;80;3
488;400;92
489;300;2
490;100;3
491;70;4
492;300;4
493;10;65
494;500;7
495;200;93
496;3;34
497;3;24
498;10;11
499;5;40
500;20;8
501;3;48
502;3;21
503;3;83
504;5;6
505;5;4
506;60;5
507;5;48
508;5;21
509;10;6
510;40;8
511;50;65
512;10;50
513;120;3
514;140;5
515;190;42
516;800;7
517;400;74
518;250;2
519;80;3
520;100;4
521;200;19
522;150;80
523;100;26
524;20;94
525;30;14
526;10;52
527;5;48
528;100;77
529;1500;95
530;1000;7
531;260;2
532;380;0
533;60;4
534;15;8
535;50;26
536;100;29
537;100;3
538;106;4
539;410;15
540;2000;7
541;200;96
542;200;89
543;2000;95
544;30;40
545;150;19
546;20;97
547;50;14
548;200;98
549;120;99
550;80;19
551;5;8
552;4;11
553;2;48
554;2;21
555;100;7
556;10;48
557;60;88
558;5;21
559;400;100
560;300;10
561;50;14
562;50;4
563;1000;47
564;400;101
565;30;102
566;250;1
567;150;4
568;100;31
569;20;8
570;250;30
571;5;48
572;3;21
573;150;3
574;100;4
575;2000;7
576;500;1
577;200;10
578;400;2
579;100;30
580;220;31
581;30;80
582;10;68
583;300;1
584;30;4
585;50;6
586;30;32
587;30;14
588;400;7
589;6;48
590;4;21
591;50;50
592;100;50
593;6;6
594;75;3
595;6;14
596;1000;15
597;1500;7
598;40;4
599;2;48
600;75;3
601;400;2
602;200;10
603;1500;7
604;200;20
605;75;4
606;100;8
607;200;40
608;10;11
609;6;14
610;6;6
611;2;21
612;2;48
613;3;48
614;5;14
615;6;4
616;100;4
617;400;2
618;200;93
619;1500;7
620;50;103
621;300;104
622;120;52
623;2000;7
624;100;105
625;200;26
626;200;2
627;200;14
628;800;25
629;5;48
630;2;21
631;200;21
632;80;50
633;90;3
634;150;1
635;100;37
636;120;5
637;1200;7
638;150;7
639;5;52
640;45;8
641;100;96
642;10;48
643;10;14
644;30;8
645;1000;7
646;200;2
647;150;3
648;500;10
649;150;23
650;25;52
651;20;81
652;50;65
653;150;4
654;50;14
655;200;10
656;300;9
657;1500;7
658;200;7
659;10;14
660;300;2
661;3;106
662;20;48
663;10;52
664;10;11
665;100;65
666;60;50
667;100;4
668;100;3
669;500;10
670;50;63
671;3000;7
672;2;51
673;3;48
674;3;21
675;1;4
676;2;14
677;3;6
678;75;3
679;150;4
680;150;107
681;700;7
682;2;21
683;100;20
684;500;0
685;75;4
686;160;31
687;3;48
688;1500;7
689;80;3
690;1;14
691;1;6
692;300;1
693;3000;7
694;10;34
695;10;48
696;100;4
697;250;32
698;100;3
699;300;12
700;150;30
701;70;108
702;3;109
703;500;7
704;5;8
705;60;4
706;250;53
707;100;12
708;70;30
709;40;3
710;400;70
711;400;2
712;2000;47
713;50;4
714;50;110
715;150;2
716;1500;47
717;1000;25
718;30;14
719;300;2
720;100;77
721;600;19
722;450;12
723;30;4
724;150;26
725;100;25
726;40;19
727;70;111
728;40;50
729;100;7
730;10;4
731;25;3
732;25;2
733;63;12
734;100;19
735;350;112
736;1000;7
737;100;21
738;200;2
739;50;0
740;50;90
741;25;65
742;1;51
743;10;4
744;30;40
745;150;3
746;30;4
747;45;11
748;220;22
749;400;12
750;90;5
751;200;7
752;100;20
753;600;113
754;500;2
755;300;5
756;120;4
757;150;3
758;500;72
759;30;8
760;2;21
761;5;11
762;2;48
763;100;7
764;20;8
765;100;10
766;70;4
767;38;3
768;600;1
769;2;14
770;2;6
771;5;21
772;5;48
773;245;7
774;40;4
775;100;2
776;100;69
777;5;51
778;50;7
779;25;20
780;200;30
781;5;52
782;10;8
783;2200;7
784;100;4
785;100;3
786;100;50
787;400;10
788;400;1
789;230;21
790;500;5
791;200;3
792;230;4
793;300;9
794;3000;7
795;10;6
796;50;8
797;4;48
798;3;21
799;15;11
800;1000;47
801;400;9
802;200;72
803;100;3
804;100;31
805;50;65
806;50;27
807;100;4
808;10;11
809;500;114
810;300;42
811;500;47
812;50;65
813;270;5
814;150;4
815;20;11
816;230;21
817;20;21
818;5;115
819;5;116
820;3000;7
821;300;69
822;1;116
823;1;115
824;75;3
825;300;2
826;100;21
827;65;5
828;80;4
829;200;4
830;5;48
831;5;11
832;300;82
833;550;2
834;550;18
835;550;72
836;45;8
837;5;48
838;400;19
839;550;99
840;20;14
841;2;11
842;2;48
843;450;7
844;10;8
845;500;9
846;500;2
847;80;3
848;150;4
849;2;11
850;5;48
851;1;21
852;1000;47
853;300;72
854;10;8
855;150;31
856;400;3
857;250;4
858;17;8
859;1000;47
860;3;48
861;1;21
862;10;6
863;1000;7
864;500;76
865;250;2
866;200;72
867;100;4
868;80;3
869;3;48
870;1;21
871;1;51
872;40;4
873;20;14
874;200;2
875;150;19
876;80;4
877;500;76
878;2000;7
879;20;65
880;100;13
881;80;3
882;10;8
883;1;48
884;1;21
885;1000;82
886;68;8
887;100;4
888;20;83
889;1;21
890;50;29
891;100;117
892;1500;47
893;150;3
894;150;118
895;200;0
896;200;21
897;100;23
898;100;119
899;75;65
900;25;52
901;1;48
902;1;21
903;250;42
904;2000;7
905;80;4
906;120;28
907;17;8
908;1;48
909;1;21
910;1;83
911;1;120
912;240;26
913;500;40
914;280;21
915;280;19
916;140;4
917;2;11
918;80;8
919;50;40
920;1;88
921;150;53
922;70;50
923;120;3
924;150;32
925;10;8
926;1000;7
927;5;40
928;5;48
929;3;68
930;3;24
931;3;83
932;50;20
933;200;7
934;1;48
935;3;52
936;300;53
937;200;2
938;100;3
939;40;8
940;70;23
941;500;7
942;120;31
943;10;14
944;5;48
945;2;21
946;250;74
947;300;2
948;100;20
949;120;3
950;210;19
951;120;4
952;2500;7
953;500;121
954;40;8
955;3;51
956;500;82
957;250;82
958;5000;7
959;50;65
960;200;3
961;200;4
962;150;21
963;50;8
964;1500;7
965;200;2
966;75;4
967;150;10
968;70;3
969;100;89
970;50;122
971;65;8
972;140;26
973;1000;5
974;400;47
975;15;8
976;30;11
977;5;52
978;2;21
979;5;48
980;1500;7
981;200;2
982;200;10
983;30;89
984;125;123
985;150;19
986;100;121
987;60;8
988;70;4
989;70;3
990;50;65
991;50;39
992;200;2
993;120;20
994;75;3
995;50;8
996;70;50
997;1500;7
998;70;4
999;7;48
1000;2;21
1001;200;74
1002;200;124
1003;400;2
1004;120;3
1005;120;4
1006;70;20
1007;45;8
1008;2;51
1009;3000;7
1010;7;48
1011;2;21
1012;200;9
1013;60;125
1014;250;95
1015;180;19
1016;500;126
1017;50;4
1018;50;14
1019;185;26
1020;200;92
1021;80;4
1022;75;3
1023;1000;47
1024;50;8
1025;100;72
1026;5;48
1027;3;21
1028;500;41
1029;750;47
1030;300;2
1031;70;4
1032;50;29
1033;7;48
1034;2;21
1035;15;6
1036;750;127
1037;250;117
1038;500;7
1039;30;128
1040;250;72
1041;1000;47
1042;500;0
1043;50;8
1044;10;29
1045;75;4
1046;250;72
1047;90;26
1048;3;48
1049;30;6
1050;700;30
1051;180;37
1052;20;52
1053;3;48
1054;25;8
1055;2;129
1056;500;69
1057;1000;7
1058;800;37
1059;85;3
1060;80;4
1061;180;5
1062;120;21
1063;45;8
1064;40;65
1065;30;11
1066;15;6
1067;15;14
1068;7;48
1069;1300;7
1070;150;22
1071;180;2
1072;160;5
1073;50;65
1074;15;11
1075;70;4
1076;200;21
1077;350;82
1078;40;21
1079;45;8
1080;30;6
1081;10;48
1082;10;48
1083;20;52
1084;100;13
1085;100;20
1086;120;7
1087;900;30
1088;1500;47
1089;250;9
1090;185;9
1091;40;65
1092;100;2
1093;80;3
1094;80;4
1095;45;8
1096;5;6
1097;10;48
1098;20;14
1099;50;4
1100;400;12
1101;300;2
1102;150;3
1103;2500;7
1104;100;20
1105;20;48
1106;2;21
1107;3;51
1108;5;52
1109;3;8
1110;150;30
1111;200;7
1112;50;20
1113;1;48
1114;100;26
1115;5;8
1116;300;53
1117;40;8
1118;300;72
1119;2;68
1120;2;54
1121;30;109
1122;3;48
1123;500;47
1124;250;0
1125;75;4
1126;40;8
1127;150;130
1128;250;72
1129;70;31
1130;2;21
1131;3;48
1132;150;48
1133;150;96
1134;150;72
1135;250;7
1136;50;8
1137;2;21
1138;4;48
1139;50;31
1140;90;26
1141;20;26
1142;20;6
1143;2;48
1144;300;47
1145;100;4
1146;5000;7
1147;1500;15
1148;350;20
1149;50;8
1150;200;3
1151;500;1
1152;65;4
1153;100;5
1154;200;72
1155;40;8
1156;15;6
1157;1;21
1158;5;48
1159;700;47
1160;100;120
1161;2;116
1162;40;8
1163;5;11
1164;80;5
1165;90;4
1166;70;3
1167;40;22
1168;300;9
1169;2;131
1170;2;120
1171;1;21
1172;1;51
1173;5;132
1174;10;88
1175;5;48
1176;5;65
1177;2;34
1178;2;21
1179;50;50
1180;2;116
1181;2;133
1182;50;10
1183;50;10
1184;50;22
1185;80;3
1186;100;4
1187;200;134
1188;50;135
1189;20;136
1190;20;65
1191;50;1
1192;2;21
1193;2;120
1194;50;3
1195;50;10
1196;50;10
1197;2000;47
1198;250;82
1199;500;9
1200;500;2
1201;70;4
1202;90;3
1203;10;11
1204;30;65
1205;30;8
1206;100;64
1207;1;21
1208;10;48
1209;3000;47
1210;300;64
1211;450;2
1212;1000;10
1213;75;3
1214;60;4
1215;100;20
1216;30;65
1217;100;65
1218;1;21
1219;50;20
1220;125;7
1221;3;48
1222;150;7
1223;100;38
1224;36;11
1225;150;72
1226;50;31
1227;150;3
1228;100;21
1229;200;1
1230;100;4
1231;200;10
1232;30;4
1233;20;14
1234;50;19
1235;50;26
1236;500;7
1237;150;89
1238;240;137
1239;300;19
1240;350;7
1241;150;80
1242;30;40
1243;10;4
1244;10;14
1245;10;14
1246;5;48
1247;1000;7
1248;150;11
1249;65;4
1250;20;8
1251;100;72
1252;7;48
1253;1000;7
1254;200;121
1255;200;2
1256;75;3
1257;65;4
1258;50;138
1259;160;19
1260;30;8
1261;15;11
1262;2;21
1263;300;139
1264;100;140
1265;350;19
1266;85;4
1267;50;65
1268;180;123
1269;30;8
1270;50;39
1271;1;51
1272;5;48
1273;1;21
1274;1500;7
1275;200;121
1276;1500;47
1277;400;22
1278;120;139
1279;75;3
1280;65;4
1281;30;8
1282;7;11
1283;1;141
1284;5;48
1285;20;6
1286;500;142
1287;150;31
1288;150;31
1289;150;118
1290;65;4
1291;100;143
1292;30;8
1293;1;83
1294;1;21
1295;2;48
1296;35;28
1297;15;4
1298;100;14
1299;50;10
1300;100;26
1301;150;2
1302;70;5
1303;66;19
1304;70;99
1305;250;5
1306;300;21
1307;65;4
1308;15;11
1309;60;8
1310;1;21
1311;1;144
1312;7;48
1313;1;52
1314;1000;7
1315;1000;7
1316;500;3
1317;65;4
1318;150;145
1319;45;8
1320;15;11
1321;15;68
1322;7;48
1323;50;80
1324;3;21
1325;3;48
1326;10;8
1327;1000;47
1328;300;146
1329;100;4
1330;100;3
1331;500;99
1332;250;7
1333;240;19
1334;15;11
1335;50;27
1336;30;8
1337;20;6
1338;20;14
1339;20;14
1340;1;21
1341;2;48
1342;1500;47
1343;300;89
1344;75;3
1345;65;4
1346;30;8
1347;250;26
1348;5;48
1349;200;114
1350;50;13
1351;300;2
1352;65;4
1353;75;3
1354;120;21
1355;30;8
1356;60;99
1357;60;29
1358;20;6
1359;1;21
1360;7;48
1361;1700;7
1362;400;147
1363;300;5
1364;100;19
1365;120;21
1366;45;8
1367;30;40
1368;15;144
1369;1;21
1370;3;48
1371;150;48
1372;250;19
1373;200;21
1374;80;50
1375;15;40
1376;20;6
1377;15;8
1378;50;7
1379;25;28
1380;1;21
1381;3;48
1382;400;19
1383;360;19
1384;7;11
1385;500;99
1386;30;8
1387;20;6
1388;20;14
1389;1;48
1390;140;48
1391;400;127
1392;15;40
1393;20;128
1394;1;48
1395;200;10
1396;100;10
1397;75;3
1398;100;130
1399;75;4
1400;250;2
1401;20;8
1402;1;21
1403;5;48
1404;800;47
1405;20;47
1406;50;8
1407;400;148
1408;20;11
1409;800;46
1410;200;4
1411;50;68
1412;400;0
1413;1000;7
1414;250;1
1415;5;14
1416;5;48
1417;5;34
1418;3;59
1419;3;68
1420;400;21
1421;600;3
1422;30;8
1423;150;32
1424;200;149
1425;2000;7
1426;150;56
1427;21;8
1428;1500;7
1429;285;7
1430;450;1
1431;100;4
1432;100;26
1433;5;8
1434;30;4
1435;50;5
1436;100;22
1437;200;12
1438;10;48
1439;10;11
1440;10;14
1441;10;6
1442;5;8
1443;110;20
1444;250;7
1445;10;8
1446;20;52
1447;3;48
1448;250;30
1449;20;150
1450;20;151
1451;100;26
1452;50;21
1453;50;5
1454;50;4
1455;3;48
1456;3;21
1457;10;14
1458;5;8
1459;50;152
1460;50;138
1461;100;30
1462;30;30
1463;5;109
1464;100;153
1465;30;147
1466;100;25
1467;50;31
1468;160;29
1469;100;154
1470;50;19
1471;3;48
1472;3;155
1473;3;52
1474;10;8
1475;100;26
1476;30;80
1477;10;8
1478;60;28
1479;10;156
1480;3;48
1481;50;20
1482;200;7
1483;50;26
1484;20;8
1485;3;48
1486;5;14
1487;5;6
1488;50;20
1489;100;7
1490;100;30
1491;3;48
1492;400;114
1493;100;21
1494;50;4
1495;100;31
1496;50;26
1497;10;48
1498;200;4
1499;10;52
1500;5;8
1501;3;48
1502;250;152
1503;250;37
1504;200;23
1505;250;5
1506;100;80
1507;10;48
1508;50;87
1509;20;14
1510;250;29
1511;20;8
1512;200;7
1513;5;157
1514;10;48
1515;500;64
1516;250;25
1517;150;4
1518;50;4
1519;10;48
1520;5;21
1521;600;16
1522;80;31
1523;200;3
1524;200;4
1525;200;99
1526;500;21
1527;500;0
1528;50;123
1529;20;8
1530;200;87
1531;10;48
1532;3;21
1533;5;88
1534;400;7
1535;20;8
1536;8;48
1537;160;13
1538;600;35
1539;400;0
1540;50;8
1541;10;48
1542;3;21
1543;20;6
1544;100;72
1545;800;3
1546;150;30
1547;70;20
1548;50;26
1549;40;29
1550;5;8
1551;100;80
1552;10;48
1553;80;13
1554;200;50
1555;100;26
1556;100;38
1557;100;80
1558;10;48
1559;150;15
1560;800;2
1561;100;26
1562;50;29
1563;5;155
1564;50;8
1565;10;48
1566;200;80
1567;200;20
1568;200;30
1569;120;7
1570;320;153
1571;40;52
1572;100;26
1573;20;38
1574;3;8
1575;5;48
1576;80;99
1577;300;32
1578;150;65
1579;20;11
1580;10;11
1581;10;48
1582;600;7
1583;240;37
1584;500;7
1585;400;153
1586;50;26
1587;40;52
1588;20;8
1589;20;38
1590;20;80
1591;500;76
1592;150;4
1593;200;3
1594;10;8
1595;10;11
1596;50;65
1597;50;78
1598;3;21
1599;5;48
1600;10;14
1601;10;158
1602;600;112
1603;100;4
1604;3;21
1605;5;48
1606;10;14
1607;100;80
1608;20;8
1609;600;159
1610;40;29
1611;40;40
1612;40;72
1613;40;40
1614;25;160
1615;150;0
1616;3;21
1617;5;48
1618;600;161
1619;120;29
1620;50;6
1621;10;8
1622;5;48
1623;3;21
1624;600;161
1625;500;40
1626;5;48
1627;10;120
1628;400;64
1629;40;11
1630;10;8
1631;200;4
1632;10;52
1633;5;48
1634;3;21
1635;10;6
1636;500;35
1637;300;4
1638;40;29
1639;20;8
1640;200;80
1641;100;7
1642;10;52
1643;5;48
1644;3;21
1645;600;82
1646;500;7
1647;300;4
1648;10;8
1649;40;65
1650;600;10
1651;3;21
1652;3;48
1653;3;120
1654;50;80
1655;200;63
1656;300;4
1657;30;11
1658;20;8
1659;10;52
1660;3;21
1661;5;48
1662;400;15
1663;50;20
1664;400;30
1665;100;27
1666;20;52
1667;20;8
1668;100;26
1669;2;162
1670;300;163
1671;500;72
1672;100;5
1673;20;139
1674;20;29
1675;2;48
1676;2;21
1677;600;12
1678;20;8
1679;120;21
1680;120;5
1681;150;164
1682;30;31
1683;100;20
1684;50;4
1685;80;21
1686;80;5
1687;10;8
1688;3;48
1689;300;7
1690;5;165
1691;10;166
1692;5;11
1693;120;15
1694;1000;2
1695;20;8
1696;500;10
1697;300;5
1698;100;80
1699;10;8
1700;50;31
1701;200;167
1702;50;26
1703;10;29
1704;10;8
1705;400;5
1706;400;168
1707;10;40
1708;5;52
1709;5;8
1710;50;138
1711;100;169
1712;100;99
1713;10;170
1714;30;30
1715;50;26
1716;40;28
1717;150;7
1718;80;12
1719;100;0
1720;100;28
1721;5;8
1722;10;6
1723;20;31
1724;180;26
1725;100;33
1726;30;14
1727;80;5
1728;20;8
1729;40;31
1730;100;10
1731;100;114
1732;50;80
1733;40;100
1734;3;8
1735;40;7
1736;100;82
1737;50;10
1738;50;10
1739;50;3
1740;50;4
1741;100;5
1742;100;4
1743;120;37
1744;100;60
1745;50;72
1746;30;31
1747;5;8
1748;100;18
1749;120;7
1750;500;114
1751;600;53
1752;300;29
1753;200;26
1754;5;155
1755;3;8
1756;300;30
1757;20;80
1758;120;13
1759;400;10
1760;200;4
1761;200;3
1762;400;64
1763;5;8
1764;100;65
1765;10;105
1766;400;21
1767;400;82
1768;80;20
1769;100;4
1770;100;65
1771;5;105
1772;20;14
1773;300;53
1774;100;4
1775;100;3
1776;100;99
1777;30;14
1778;5;8
1779;3;48
1780;1;21
1781;1;21
1782;200;15
1783;150;113
1784;50;39
1785;10;6
1786;5;14
1787;100;28
1788;80;114
1789;10;87
1790;20;87
1791;10;4
1792;5;68
1793;3;11
1794;10;88
1795;500;7
1796;5;48
1797;200;171
1798;1800;1
1799;300;4
1800;300;3
1801;500;21
1802;1000;5
1803;35;8
1804;50;6
1805;50;6
1806;50;14
1807;30;11
1808;220;4
1809;110;3
1810;510;2
1811;400;0
1812;23;8
1813;200;7
1814;25;4
1815;1;48
1816;400;114
1817;1;21
1818;70;26
1819;20;8
1820;30;8
1821;100;21
1822;100;5
1823;200;1
1824;50;4
1825;10;14
1826;100;31
1827;50;72
1828;10;29
1829;120;4
1830;300;12
1831;10;8
1832;600;15
1833;300;1
1834;200;31
1835;100;99
1836;300;99
1837;1000;7
1838;5;48
1839;500;64
1840;450;32
1841;2;48
1842;100;4
1843;1;21
1844;800;2
1845;100;26
1846;300;7
1847;800;29
1848;2;48
1849;1000;2
1850;1;21
1851;400;31
1852;400;80
1853;20;8
1854;5;48
1855;150;31
1856;30;4
1857;15;11
1858;700;2
1859;700;15
1860;200;172
1861;30;172
1862;100;25
1863;150;153
1864;100;80
1865;5;48
1866;15;8
1867;5;21
1868;70;21
1869;120;3
1870;80;4
1871;1200;1
1872;150;13
1873;250;64
1874;250;82
1875;93;23
1876;5;94
1877;100;91
1878;150;25
1879;30;4
1880;100;19
1881;100;12
1882;200;2
1883;100;15
1884;200;15
1885;500;112
1886;300;2
1887;34;40
1888;48;26
1889;25;105
1890;3;48
1891;450;0
1892;400;22
1893;3;48
1894;20;8
1895;240;42
1896;30;4
1897;7;11
1898;374;3
1899;800;7
1900;410;12
1901;400;13
1902;238;4
1903;80;8
1904;50;3
1905;5;11
1906;63;4
1907;310;0
1908;890;2
1909;800;12
1910;100;4
1911;200;2
1912;10;48
1913;400;15
1914;150;4
1915;200;111
1916;800;10
1917;1;51
1918;1;21
1919;5;48
1920;10;11
1921;20;8
1922;300;22
1923;70;65
1924;30;11
1925;140;21
1926;95;4
1927;370;3
1928;325;7
1929;30;29
1930;40;8
1931;500;2
1932;30;8
1933;110;26
1934;100;173
1935;30;80
1936;20;31
1937;50;154
1938;30;4
1939;40;8
1940;5;21
1941;5;11
1942;10;48
1943;1000;2
1944;10;8
1945;200;8
1946;600;49
1947;4;48
1948;2;21
1949;150;3
1950;1000;114
1951;5;11
1952;100;65
1953;10;21
1954;10;48
1955;100;7
1956;100;4
1957;140;26
1958;15;8
1959;20;30
1960;45;174
1961;15;48
1962;65;26
1963;260;74
1964;120;175
1965;280;4
1966;150;11
1967;180;2
1968;800;114
1969;850;10
1970;30;65
1971;40;8
1972;150;13
1973;150;3
1974;60;4
1975;300;0
1976;575;35
1977;730;1
1978;5;8
1979;110;4
1980;50;29
1981;100;91
1982;3;14
1983;5;48
1984;3;21
1985;90;105
1986;75;172
1987;500;12
1988;50;8
1989;50;26
1990;150;4
1991;100;10
1992;25;4
1993;30;31
1994;50;176
1995;100;176
1996;20;80
1997;700;10
1998;50;3
1999;50;4
2000;50;8
2001;50;8
2002;600;82
2003;800;7
2004;300;3
2005;300;2
2006;70;4
2007;15;29
2008;3;21
2009;3;27
2010;30;8
2011;1000;7
2012;350;37
2013;800;13
2014;180;26
2015;250;154
2016;200;31
2017;50;80
2018;120;5
2019;150;31
2020;200;72
2021;45;26
2022;20;11
2023;120;4
2024;500;15
2025;40;138
2026;107;26
2027;100;30
2028;400;10
2029;27;8
2030;100;0
2031;53;31
2032;200;7
2033;300;64
2034;300;7
2035;6;8
2036;201;4
2037;100;5
2038;100;21
2039;50;3
2040;150;80
2041;400;1
2042;50;26
2043;100;29
2044;60;8
2045;500;22
2046;50;3
2047;50;4
2048;45;8
2049;170;4
2050;450;3
2051;930;9
2052;20;7
2053;50;28
2054;280;26
2055;15;4
2056;50;30
2057;3;11
2058;1000;114
2059;10;8
2060;2;48
2061;10;52
2062;150;30
2063;80;177
2064;100;7
2065;60;63
2066;150;53
2067;10;48
2068;100;7
2069;50;8
2070;400;4
2071;400;3
2072;700;10
2073;3;58
2074;1;51
2075;3;21
2076;30;14
2077;300;0
2078;200;4
2079;200;80
2080;30;11
2081;100;26
2082;6;21
2083;50;8
2084;7;48
2085;30;38
2086;800;2
2087;100;4
2088;250;12
2089;50;8
2090;250;22
2091;100;5
2092;50;21
2093;15;8
2094;5;48
2095;30;4
2096;150;178
2097;400;178
2098;300;0
2099;200;20
2100;400;7
2101;20;11
2102;1800;101
2103;10;68
2104;20;105
2105;300;142
2106;20;40
2107;5;48
2108;20;8
2109;5;52
2110;10;14
2111;3;21
2112;75;4
2113;500;82
2114;250;5
2115;200;13
2116;300;7
2117;200;3
2118;200;0
2119;20;11
2120;50;8
2121;180;20
2122;400;7
2123;30;170
2124;60;151
2125;5;179
2126;500;2
2127;100;3
2128;150;180
2129;150;50
2130;30;14
2131;20;11
2132;50;8
2133;10;48
2134;4;21
2135;500;3
2136;10;11
2137;20;8
2138;5;21
2139;5;48
2140;720;180
2141;20;8
2142;35;170
2143;200;117
2144;2;48
2145;3;21
2146;100;92
2147;100;181
2148;100;23
2149;100;31
2150;200;29
2151;300;25
2152;150;13
2153;300;26
2154;300;0
2155;180;19
2156;8;48
2157;6;21
2158;20;172
2159;5;68
2160;25;6
2161;6;11
2162;50;80
2163;100;29
2164;30;31
2165;55;4
2166;100;2
2167;150;20
2168;3;48
2169;10;6
2170;3;21
2171;20;8
2172;200;15
2173;150;26
2174;45;174
2175;50;30
2176;50;4
2177;150;30
2178;100;8
2179;5;48
2180;800;2
2181;100;80
2182;3;21
2183;2;51
2184;200;114
2185;3;48
2186;200;29
2187;120;7
2188;150;26
2189;20;14
2190;120;182
2191;8;48
2192;100;8
2193;100;8
2194;350;0
2195;15;29
2196;250;117
2197;250;183
2198;50;31
2199;200;21
2200;100;80
2201;200;3
2202;200;4
2203;200;184
2204;5;8
2205;100;20
2206;400;7
2207;200;111
2208;20;8
2209;5;48
2210;1000;49
2211;5;21
2212;150;3
2213;85;4
2214;50;8
2215;1000;7
2216;4;48
2217;400;185
2218;400;178
2219;1000;114
2220;20;158
2221;6;21
2222;175;21
2223;12;11
2224;50;11
2225;120;31
2226;9;120
2227;15;48
2228;175;21
2229;100;21
2230;45;4
2231;5;88
2232;20;8
2233;300;8
2234;300;22
2235;150;3
2236;130;4
2237;1500;55
2238;150;29
2239;100;8
2240;10;48
2241;180;4
2242;200;148
2243;20;80
2244;10;58
2245;3;48
2246;5;8
2247;50;6
2248;3;21
2249;100;31
2250;200;171
2251;400;7
2252;100;3
2253;1200;7
2254;1000;186
2255;300;4
2256;100;50
2257;30;72
2258;200;0
2259;50;160
2260;50;14
2261;100;8
2262;30;29
2263;1000;187
2264;100;29
2265;6;48
2266;100;8
2267;180;4
2268;180;4
2269;10;58
2270;6;48
2271;75;29
2272;100;8
2273;1000;188
2274;650;93
2275;5;48
2276;5;21
2277;50;38
2278;30;8
2279;55;26
2280;40;28
2281;100;4
2282;25;11
2283;500;114
2284;60;13
2285;100;4
2286;100;3
2287;50;8
2288;500;7
2289;50;26
2290;40;65
2291;40;80
2292;50;8
2293;100;189
2294;150;151
2295;750;7
2296;100;7
2297;100;150
2298;300;13
2299;20;52
2300;100;26
2301;50;29
2302;2;21
2303;3;48
2304;50;80
2305;50;26
2306;150;4
2307;300;71
2308;600;71
2309;7;11
2310;50;8
2311;3;48
2312;30;6
2313;15;8
2314;250;4
2315;120;28
2316;20;94
2317;5;48
2318;3;21
2319;350;64
2320;150;7
2321;150;142
2322;100;8
2323;400;7
2324;300;49
2325;1;48
2326;1;21
2327;1;11
2328;50;4
2329;150;10
2330;18;8
2331;30;4
2332;30;90
2333;3;48
2334;1;83
2335;1;4
2336;1;50
2337;1;34
2338;1;6
2339;1;21
2340;1;3
2341;50;8
2342;6;48
2343;400;7
2344;200;4
2345;700;190
2346;800;2
2347;100;26
2348;18;8
2349;3;48
2350;10;14
2351;150;2
2352;10;30
2353;200;135
2354;20;74
2355;200;3
2356;100;4
2357;3;48
2358;20;88
2359;20;136
2360;10;8
2361;10;8
2362;100;4
2363;100;3
2364;300;191
2365;100;5
2366;5;48
2367;2;21
2368;4;21
2369;120;4
2370;250;7
2371;4;48
2372;1000;79
2373;20;14
2374;2;51
2375;5;86
2376;5;48
2377;30;8
2378;30;88
2379;10;11
2380;1000;192
2381;30;11
2382;5;158
2383;30;8
2384;1200;93
2385;10;48
2386;1500;7
2387;300;64
2388;10;14
2389;5;48
2390;100;7
2391;10;4
2392;100;4
2393;600;193
2394;30;8
2395;3;21
2396;2;48
2397;500;93
2398;5;48
2399;30;6
2400;2;144
2401;150;65
2402;400;0
2403;10;11
2404;100;4
2405;400;22
2406;500;114
2407;3;8
2408;3;48
2409;1;21
2410;2;11
2411;30;11
2412;140;20
2413;100;19
2414;120;5
2415;500;114
2416;100;4
2417;10;11
2418;300;22
2419;300;0
2420;100;65
2421;30;6
2422;3;144
2423;5;48
2424;200;37
2425;600;12
2426;5;8
2427;3;24
2428;2;27
2429;2;21
2430;3;48
2431;50;31
2432;50;164
2433;55;154
2434;100;6
2435;100;8
2436;1;21
2437;600;2
2438;200;111
2439;300;194
2440;1500;195
2441;400;178
2442;20;8
2443;5;48
2444;500;7
2445;1500;15
2446;500;26
2447;150;3
2448;400;10
2449;400;2
2450;300;30
2451;5;48
2452;3;21
2453;400;26
2454;400;30
2455;80;20
2456;10;8
2457;100;80
2458;3;48
2459;300;25
2460;50;8
2461;5;155
2462;5;48
2463;10;52
2464;400;29
2465;400;82
2466;400;2
2467;150;4
2468;3;21
2469;3;116
2470;30;157
2471;500;30
2472;20;129
2473;5;48
2474;250;8
2475;1500;15
2476;1000;29
2477;200;4
2478;3;21
2479;50;26
2480;600;30
2481;30;157
2482;50;26
2483;5;48
2484;3;21
2485;600;29
2486;200;4
2487;1000;114
2488;200;7
2489;150;8
2490;4;48
2491;15;6
2492;70;21
2493;100;8
2494;50;40
2495;3;196
2496;200;197
2497;200;0
2498;5;14
2499;200;3
2500;600;76
2501;20;40
2502;15;21
2503;400;178
2504;20;8
2505;4;48
2506;700;7
2507;200;7
2508;500;29
2509;5;48
2510;400;64
2511;350;10
2512;50;6
2513;50;4
2514;10;11
2515;10;68
2516;40;88
2517;40;81
2518;20;8
2519;1;21
2520;1000;198
2521;200;142
2522;50;52
2523;50;88
2524;5;68
2525;5;54
2526;20;8
2527;5;6
2528;600;199
2529;50;105
2530;5;48
2531;50;4
2532;10;68
2533;100;65
2534;100;7
2535;20;81
2536;10;52
2537;10;27
2538;50;87
2539;200;5
2540;5;11
2541;80;172
2542;300;114
2543;100;30
2544;80;3
2545;150;4
2546;50;20
2547;60;29
2548;250;1
2549;100;26
2550;5;48
2551;500;200
2552;200;201
2553;150;4
2554;60;26
2555;250;30
2556;10;202
2557;2;203
2558;1;48
2559;1;162
2560;8;21
2561;75;4
2562;100;8
2563;250;7
2564;4;48
2565;700;198
2566;300;7
2567;5;48
2568;40;202
2569;600;35
2570;600;76
2571;10;68
2572;20;40
2573;20;88
2574;5;94
2575;20;170
2576;5;102
2577;500;29
2578;1000;153
2579;325;26
2580;20;129
2581;120;52
2582;15;48
2583;20;8
2584;150;139
2585;5;21
2586;7;48
2587;120;26
2588;300;37
2589;70;65
2590;600;4
2591;20;8
2592;300;3
2593;40;81
2594;600;192
2595;3;48
2596;50;172
2597;100;40
2598;1000;93
2599;100;8
2600;150;4
2601;10;48
2602;10;8
2603;50;6
2604;300;3
2605;100;31
2606;400;0
2607;200;5
2608;600;1
2609;50;4
2610;150;30
2611;130;153
2612;150;21
2613;10;8
2614;200;5
2615;10;11
2616;200;164
2617;1200;12
2618;15;52
2619;400;29
2620;150;26
2621;34;8
2622;250;181
2623;160;31
2624;550;30
2625;12;170
2626;170;7
2627;37;138
2628;6;27
2629;22;27
2630;4;48
2631;40;38
2632;25;8
2633;500;7
2634;100;26
2635;150;4
2636;400;114
2637;150;0
2638;20;48
2639;3;27
2640;500;204
2641;100;8
2642;100;12
2643;200;205
2644;3;48
2645;200;201
2646;55;26
2647;200;153
2648;5;52
2649;200;138
2650;5;14
2651;5;8
2652;1;48
2653;50;30
2654;100;26
2655;2;21
2656;10;14
2657;13;8
2658;3;48
2659;117;26
2660;500;7
2661;30;29
2662;200;42
2663;150;4
2664;150;138
2665;20;8
2666;400;98
2667;15;80
2668;30;8
2669;5;48
2670;400;178
2671;800;7
2672;700;12
2673;50;14
2674;50;29
2675;10;11
2676;15;8
2677;20;81
2678;200;72
2679;700;50
2680;400;7
2681;10;48
2682;10;11
2683;5;11
2684;150;8
2685;4;48
2686;300;0
2687;150;26
2688;200;28
2689;100;30
2690;75;4
2691;500;114
2692;50;26
2693;600;7
2694;2;21
2695;2;48
2696;20;26
2697;20;14
2698;20;8
2699;200;3
2700;100;4
2701;300;1
2702;200;53
2703;400;23
2704;1000;12
2705;10;6
2706;10;14
2707;10;11
2708;130;4
2709;300;90
2710;150;3
2711;300;206
2712;40;8
2713;800;159
2714;7;48
2715;5;21
2716;20;6
2717;200;4
2718;50;40
2719;30;8
2720;150;4
2721;500;7
2722;4;48
2723;1000;93
2724;6;11
2725;32;14
2726;840;12
2727;20;207
2728;282;153
2729;5;144
2730;10;11
2731;150;0
2732;10;14
2733;350;5
2734;25;21
2735;600;12
2736;6;14
2737;56;26
2738;44;91
2739;8;88
2740;46;91
2741;80;208
2742;25;58
2743;200;7
2744;300;12
2745;22;48
2746;5;21
2747;30;6
2748;94;26
2749;12;11
2750;75;4
2751;5;48
2752;40;29
2753;300;12
2754;300;65
2755;5;48
2756;20;29
2757;25;11
2758;15;8
2759;30;160
2760;150;30
2761;700;18
2762;15;8
2763;30;129
2764;10;48
2765;1000;30
2766;250;63
2767;1000;113
2768;200;145
2769;50;27
2770;50;31
2771;10;48
2772;30;14
2773;6;21
2774;75;3
2775;100;1
2776;100;2
2777;125;7
2778;5;48
2779;150;10
2780;70;4
2781;70;8
2782;3;21
2783;3;209
2784;2;51
2785;15;14
2786;15;4
2787;5;11
2788;30;90
2789;15;11
2790;3;6
2791;15;8
2792;100;4
2793;100;3
2794;200;1
2795;500;114
2796;15;8
2797;100;26
2798;600;30
2799;70;4
2800;500;168
2801;60;65
2802;40;88
2803;300;71
2804;200;50
2805;250;3
2806;100;4
2807;150;21
2808;40;8
2809;70;4
2810;37;88
2811;18;8
2812;380;12
2813;150;75
2814;410;46
2815;152;198
2816;15;4
2817;30;8
2818;260;26
2819;70;4
2820;100;5
2821;200;30
2822;200;7
2823;1500;2
2824;350;30
2825;30;8
2826;100;4
2827;500;210
2828;150;80
2829;300;1
2830;300;0
2831;400;82
2832;500;20
2833;1000;2
2834;150;3
2835;240;4
2836;100;4
2837;100;14
2838;250;26
2839;200;8
2840;50;17
2841;10;48
2842;1200;7
2843;600;7
2844;400;64
2845;200;3
2846;400;82
2847;200;4
2848;200;20
2849;100;8
2850;300;4
2851;300;3
2852;850;211
2853;160;26
2854;25;48
2855;500;82
2856;250;5
2857;150;21
2858;150;21
2859;18;11
2860;60;40
2861;15;21
2862;6;48
2863;10;4
2864;10;81
2865;20;8
2866;230;164
2867;1000;93
2868;15;6
2869;1000;55
2870;300;80
2871;20;8
2872;10;11
2873;5;48
2874;15;144
2875;390;90
2876;350;65
2877;5;14
2878;40;80
2879;5;48
2880;5;21
2881;300;167
2882;1;34
2883;1;14
2884;290;25
2885;330;0
2886;10;94
2887;374;49
2888;8;14
2889;5;48
2890;40;21
2891;50;0
2892;250;12
2893;10;48
2894;5;83
2895;50;26
2896;75;4
2897;115;10
2898;130;5
2899;30;138
2900;470;15
2901;300;18
2902;200;26
2903;500;153
2904;5;48
2905;600;7
2906;200;20
2907;20;8
2908;10;48
2909;800;7
2910;200;70
2911;10;39
2912;5;48
2913;300;212
2914;1;88
2915;1;14
2916;5;4
2917;120;26
2918;500;12
2919;100;4
2920;10;11
2921;200;90
2922;50;65
2923;5;144
2924;10;8
2925;112;5
2926;30;8
2927;230;35
2928;150;21
2929;55;3
2930;110;4
2931;5;48
2932;50;7
2933;10;8
2934;125;7
2935;200;29
2936;80;213
2937;6;157
2938;90;26
2939;1;48
2940;3;52
2941;50;31
2942;600;10
2943;200;7
2944;3;48
2945;50;8
2946;50;65
2947;50;4
2948;100;3
2949;300;93
2950;20;20
2951;20;29
2952;80;4
2953;50;26
2954;50;14
2955;20;8
2956;5;48
2957;3;21
2958;250;30
2959;5;48
2960;60;20
2961;10;48
2962;47;26
2963;50;26
2964;10;48
2965;4;48
2966;100;26
2967;200;1
2968;1000;15
2969;5;51
2970;5;21
2971;5;48
2972;1000;7
2973;200;167
2974;5;48
2975;100;18
2976;250;7
2977;20;11
2978;10;14
2979;200;5
2980;200;2
2981;300;93
2982;150;25
2983;8;8
2984;85;21
2985;130;5
2986;50;26
2987;50;31
2988;500;82
2989;500;2
2990;80;3
2991;150;50
2992;120;4
2993;10;11
2994;500;142
2995;20;8
2996;5;48
2997;3;21
2998;1000;43
2999;20;29
3000;200;117
3001;200;47
3002;15;6
3003;60;160
3004;80;72
3005;30;40
3006;300;0
3007;25;8
3008;70;4
3009;75;3
3010;1000;0
3011;800;168
3012;200;168
3013;50;8
3014;30;27
3015;10;11
3016;50;6
3017;50;40
3018;40;8
3019;15;48
3020;60;4
3021;600;2
3022;5;83
3023;5;115
3024;5;21
3025;5;48
3026;50;26
3027;100;30
3028;500;15
3029;5;21
3030;500;40
3031;5;48
3032;10;11
3033;30;105
3034;500;114
3035;100;4
3036;80;4
3037;5;83
3038;5;21
3039;7;11
3040;600;5
3041;500;186
3042;500;18
3043;10;116
3044;20;68
3045;10;214
3046;3;21
3047;3;24
3048;50;81
3049;12;11
3050;150;4
3051;600;5
3052;25;8
3053;400;1
3054;200;5
3055;80;4
3056;300;21
3057;150;26
3058;50;8
3059;40;81
3060;20;29
3061;20;11
3062;50;14
3063;500;4
3064;800;29
3065;200;7
3066;500;114
3067;500;2
3068;500;64
3069;100;64
3070;75;74
3071;200;4
3072;200;3
3073;40;8
3074;30;14
3075;50;88
3076;500;2
3077;50;153
3078;50;80
3079;80;4
3080;20;29
3081;20;14
3082;400;1
3083;300;22
3084;90;3
3085;300;10
3086;100;4
3087;500;2
3088;780;215
3089;200;21
3090;500;5
3091;5;21
3092;30;8
3093;10;11
3094;250;7
3095;40;20
3096;40;29
3097;50;26
3098;620;153
3099;2;48
3100;50;216
3101;50;8
3102;80;26
3103;50;29
3104;50;4
3105;150;96
3106;200;87
3107;26;29
3108;105;26
3109;25;170
3110;211;163
3111;753;153
3112;300;114
3113;300;114
3114;5;17
3115;170;30
3116;8;52
3117;250;7
3118;136;8
3119;8;48
3120;520;29
3121;90;4
3122;20;14
3123;160;5
3124;100;4
3125;17;8
3126;900;22
3127;5;8
3128;5;11
3129;10;138
3130;40;31
3131;250;1
3132;65;26
3133;20;8
3134;8;48
3135;200;0
3136;700;2
3137;40;38
3138;4;48
3139;4;217
3140;4;52
3141;50;29
3142;47;26
3143;150;23
3144;25;30
3145;15;8
3146;5;48
3147;500;7
3148;47;26
3149;500;30
3150;90;138
3151;20;52
3152;46;91
3153;47;26
3154;40;202
3155;60;218
3156;100;30
3157;3;217
3158;10;219
3159;50;153
3160;15;220
3161;10;52
3162;6;11
3163;125;207
3164;150;153
3165;100;4
3166;80;91
3167;60;26
3168;180;12
3169;200;0
3170;15;11
3171;25;172
3172;14;8
3173;60;29
3174;505;1
3175;200;30
3176;500;12
3177;1000;5
3178;100;4
3179;100;3
3180;700;21
3181;244;164
3182;274;1
3183;20;8
3184;5;48
3185;20;4
3186;300;74
3187;500;2
3188;150;221
3189;500;43
3190;400;37
3191;300;21
3192;100;130
3193;400;47
3194;20;144
3195;200;5
3196;60;31
3197;300;93
3198;30;40
3199;100;4
3200;70;4
3201;100;7
3202;200;80
3203;1000;2
3204;40;40
3205;30;83
3206;50;8
3207;5;48
3208;3;21
3209;300;3
3210;50;8
3211;500;82
3212;300;4
3213;500;222
3214;400;4
3215;50;8
3216;1000;124
3217;1000;64
3218;5;223
3219;198;26
3220;346.5;80
3221;1980;30
3222;19.8;48
3223;9.9;83
3224;5;8
3225;1500;7
3226;1;34
3227;1;21
3228;10;4
3229;5;14
3230;20;4
3231;50;3
3232;70;21
3233;200;2
3234;250;1
3235;463;12
3236;200;7
3237;100;65
3238;100;80
3239;500;114
3240;250;13
3241;100;8
3242;200;3
3243;200;4
3244;1500;1
3245;20;8
3246;1000;2
3247;200;10
3248;5;29
3249;50;26
3250;20;38
3251;20;8
3252;3;48
3253;500;1
3254;400;12
3255;200;99
3256;100;4
3257;50;14
3258;10;48
3259;2;21
3260;900;21
3261;300;114
3262;60;13
3263;200;80
3264;150;65
3265;200;3
3266;200;4
3267;12;11
3268;2000;74
3269;150;8
3270;350;4
3271;200;80
3272;3;116
3273;3;21
3274;5;21
3275;30;14
3276;100;31
3277;40;105
3278;50;26
3279;200;130
3280;300;21
3281;1000;93
3282;5;48
3283;150;21
3284;100;22
3285;10;11
3286;20;8
3287;100;93
3288;100;61
3289;100;224
3290;100;60
3291;200;13
3292;500;7
3293;3;24
3294;10;48
3295;250;0
3296;20;8
3297;100;80
3298;50;117
3299;30;31
3300;3;48
3301;3;21
3302;400;10
3303;100;26
3304;100;25
3305;5;48
3306;2;155
3307;1;21
3308;120;29
3309;20;8
3310;400;1
3311;200;114
3312;100;4
3313;100;21
3314;100;5
3315;100;31
3316;5;48
3317;2;21
3318;10;8
3319;1000;113
3320;50;40
3321;150;7
3322;65;26
3323;500;29
3324;300;4
3325;500;114
3326;2;48
3327;270;29
3328;20;81
3329;60;7
3330;1;21
3331;150;5
3332;10;11
3333;80;8
3334;5;14
3335;300;31
3336;100;1
3337;50;31
3338;270;21
3339;200;93
3340;60;26
3341;70;26
3342;150;30
3343;100;30
3344;60;26
3345;700;29
3346;500;114
3347;500;114
3348;300;7
3349;500;4
3350;150;7
3351;20;8
3352;250;173
3353;5;48
3354;50;4
3355;250;114
3356;100;3
3357;100;1
3358;150;10
3359;150;10
3360;400;10
3361;240;13
3362;2;48
3363;200;114
3364;100;114
3365;200;114
3366;2;21
3367;60;26
3368;50;8
3369;20;8
3370;20;14
3371;3;48
3372;50;29
3373;300;2
3374;750;29
3375;150;40
3376;150;40
3377;150;40
3378;800;114
3379;10;48
3380;300;7
3381;1800;182
3382;50;88
3383;20;102
3384;15;94
3385;40;170
3386;20;8
3387;5;21
3388;3;59
3389;3;24
3390;200;72
3391;10;48
3392;5;21
3393;1500;113
3394;5;48
3395;10;21
3396;10;8
3397;20;11
3398;200;172
3399;750;46
3400;200;3
3401;200;4
3402;200;20
3403;30;8
3404;500;7
3405;5;68
3406;30;11
3407;4;48
3408;400;19
3409;50;14
3410;60;31
3411;400;207
3412;578;0
3413;620;71
3414;1300;7
3415;20;48
3416;15;52
3417;60;13
3418;60;65
3419;750;21
3420;260;5
3421;350;4
3422;150;3
3423;500;12
3424;50;26
3425;80;4
3426;5;11
3427;8;48
3428;5;21
3429;50;14
3430;20;31
3431;150;21
3432;200;153
3433;9;48
3434;6;21
3435;6;68
3436;10;8
3437;120;29
3438;100;26
3439;50;4
3440;200;1
3441;250;3
3442;230;9
3443;3;225
3444;15;48
3445;5;59
3446;50;11
3447;800;7
3448;70;8
3449;80;4
3450;170;3
3451;230;180
3452;500;13
3453;500;15
3454;250;29
3455;375;30
3456;150;31
3457;100;26
3458;20;6
3459;12;217
3460;10;52
3461;5;8
3462;50;8
3463;5;11
3464;2;48
3465;700;7
3466;100;4
3467;1100;69
3468;15;14
3469;5;21
3470;10;48
3471;1000;15
3472;3;48
3473;100;8
3474;500;7
3475;100;4
3476;75;3
3477;100;69
3478;100;226
3479;100;35
3480;100;210
3481;20;14
3482;2000;60
3483;20;11
3484;80;8
3485;3;58
3486;3;48
3487;40;80
3488;300;2
3489;80;4
3490;150;1
3491;150;3
3492;50;4
3493;50;11
3494;70;26
3495;3;21
3496;2;24
3497;2;115
3498;5;11
3499;4;48
3500;5;21
3501;200;26
3502;50;172
3503;50;80
3504;75;4
3505;110;8
3506;600;93
3507;1000;10
3508;500;64
3509;200;3
3510;150;4
3511;100;21
3512;60;65
3513;200;7
3514;200;80
3515;3;48
3516;4;21
3517;100;4
3518;500;7
3519;80;8
3520;500;227
3521;250;227
3522;170;4
3523;20;6
3524;20;11
3525;1000;7
3526;1000;35
3527;50;8
3528;150;4
3529;4;48
3530;15;11
3531;3;48
3532;20;8
3533;400;10
3534;400;7
3535;120;228
3536;150;93
3537;120;5
3538;40;8
3539;25;117
3540;40;8
3541;10;8
3542;50;31
3543;3;11
3544;3;6
3545;3;144
3546;3;48
3547;2;21
3548;800;7
3549;300;7
3550;300;210
3551;300;229
3552;70;4
3553;50;8
3554;10;21
3555;3;48
3556;2;48
3557;10;40
3558;10;8
3559;50;4
3560;900;113
3561;1;21
3562;15;170
3563;130;111
3564;50;80
3565;100;30
3566;100;138
3567;50;8
3568;10;6
3569;5;21
3570;100;38
3571;100;8
3572;100;230
3573;100;26
3574;500;2
3575;70;29
3576;165;33
3577;354;26
3578;150;207
3579;30;4
3580;50;26
3581;180;13
3582;5;48
3583;4;21
3584;100;28
3585;200;2
3586;15;11
3587;200;4
3588;1000;21
3589;500;64
3590;250;7
3591;270;32
3592;3;24
3593;3;24
3594;10;48
3595;50;8
3596;20;52
3597;250;30
3598;200;13
3599;45;26
3600;2000;7
3601;50;8
3602;40;8
3603;130;25
3604;160;29
3605;200;31
3606;400;2
3607;350;15
3608;100;4
3609;80;3
3610;8;21
3611;8;48
3612;30;40
3613;150;25
3614;500;71
3615;50;8
3616;400;0
3617;300;4
3618;1000;7
3619;300;3
3620;300;20
3621;100;52
3622;20;39
3623;100;65
3624;4;48
3625;5;21
3626;8;51
3627;75;4
3628;18;8
3629;30;11
3630;100;3
3631;500;90
3632;70;31
3633;300;100
3634;80;5
3635;30;31
3636;35;50
3637;150;21
3638;30;8
3639;200;8
3640;200;10
3641;350;12
3642;120;65
3643;50;123
3644;100;5
3645;30;65
3646;20;8
3647;10;144
3648;15;14
3649;5;11
3650;250;7
3651;50;65
3652;30;8
3653;200;4
3654;200;3
3655;700;22
3656;400;2
3657;400;10
3658;200;4
3659;200;4
3660;100;6
3661;200;26
3662;200;231
3663;3;48
3664;10;8
3665;500;7
3666;5;48
3667;15;21
3668;75;4
3669;400;46
3670;60;8
3671;10;81
3672;700;2
3673;20;88
3674;120;31
3675;15;8
3676;15;14
3677;15;158
3678;5;48
3679;300;7
3680;100;138
3681;500;2
3682;100;4
3683;7;48
3684;45;8
3685;300;2
3686;70;3
3687;40;4
3688;90;26
3689;5;48
3690;20;14
3691;200;31
3692;1000;2
3693;150;0
3694;150;3
3695;80;8
3696;30;88
3697;250;25
3698;50;20
3699;700;164
3700;150;5
3701;150;21
3702;90;3
3703;30;88
3704;30;8
3705;10;144
3706;10;6
3707;60;52
3708;60;151
3709;100;13
3710;400;7
3711;50;111
3712;3;54
3713;50;138
3714;50;170
3715;100;40
3716;22;8
3717;135;4
3718;350;5
3719;222;21
3720;538;164
3721;5;11
3722;400;5
3723;150;172
3724;300;19
3725;300;31
3726;400;65
3727;800;15
3728;172;26
3729;210;72
3730;50;40
3731;1000;85
3732;50;85
3733;200;4
3734;50;8
3735;1000;15
3736;20;11
3737;2;34
3738;60;26
3739;100;22
3740;100;12
3741;100;3
3742;1100;33
3743;150;39
3744;100;4
3745;100;7
3746;250;4
3747;500;2
3748;500;82
3749;500;82
3750;150;19
3751;100;8
3752;60;65
3753;60;29
3754;180;26
3755;200;153
3756;30.3;31
3757;107.1;26
3758;303;153
3759;5.1;83
3760;10.1;14
3761;15.2;138
3762;2;21
3763;3;48
3764;50;8
3765;15;11
3766;700;200
3767;200;29
3768;170;29
3769;200;26
3770;40;8
3771;200;4
3772;1000;10
3773;100;30
3774;200;25
3775;800;12
3776;300;5
3777;80;4
3778;12;11
3779;10;83
3780;40;88
3781;10;21
3782;45;8
3783;50;8
3784;5;48
3785;20;14
3786;2;21
3787;100;4
3788;10;48
3789;100;80
3790;300;80
3791;25;8
3792;300;2
3793;25;31
3794;70;91
3795;50;26
3796;150;153
3797;125;25
3798;55;31
3799;90;0
3800;5;102
3801;50;29
3802;30;30
3803;120;26
3804;5;48
3805;20;11
3806;1000;15
3807;250;7
3808;80;91
3809;100;138
3810;100;4
3811;30;8
3812;250;4
3813;50;20
3814;100;30
3815;50;26
3816;1500;35
3817;15;14
3818;100;26
3819;400;76
3820;80;31
3821;80;8
3822;1000;30
3823;350;13
3824;40;38
3825;500;114
3826;150;26
3827;100;4
3828;300;2
3829;100;31
3830;50;172
3831;30;8
3832;5;81
3833;300;7
3834;50;7
3835;200;4
3836;100;20
3837;10;48
3838;10;170
3839;20;88
3840;1500;142
3841;500;232
3842;50;91
3843;1;203
3844;10;40
3845;200;153
3846;90;4
3847;20;8
3848;300;7
3849;80;138
3850;30;31
3851;20;8
3852;500;30
3853;400;26
3854;50;52
3855;50;8
3856;450;12
3857;200;0
3858;60;13
3859;10;48
3860;10;155
3861;400;2
3862;30;8
3863;20;11
3864;20;14
3865;500;29
3866;200;31
3867;500;25
3868;120;9
3869;50;26
3870;80;4
3871;300;12
3872;8;48
3873;10;214
3874;50;8
3875;200;4
3876;100;5
3877;30;88
3878;150;80
3879;150;172
3880;200;172
3881;700;93
3882;100;138
3883;20;30
3884;5;170
3885;200;15
3886;150;26
3887;100;202
3888;30;31
3889;100;26
3890;40;25
3891;800;43
3892;100;4
3893;100;21
3894;100;3
3895;150;80
3896;300;15
3897;150;114
3898;600;5
3899;70;4
3900;100;3
3901;200;29
3902;17;8
3903;50;80
3904;80;4
3905;3;48
3906;4;21
3907;1000;46
3908;3;11
3909;50;8
3910;30;27
3911;50;31
3912;200;65
3913;30;144
3914;15;14
3915;85;5
3916;70;3
3917;200;12
3918;140;92
3919;100;22
3920;36;96
3921;3;48
3922;120;26
3923;30;4
3924;30;8
3925;50;100
3926;100;20
3927;100;110
3928;1000;7
3929;1;48
3930;4;8
3931;2;48
3932;60;26
3933;70;4
3934;200;30
3935;400;10
3936;2;155
3937;105;29
3938;2;21
3939;2;14
3940;2;6
3941;25;8
3942;2;48
3943;1000;233
3944;100;7
3945;10;8
3946;100;4
3947;60;3
3948;1;48
3949;20;8
3950;70;4
3951;400;35
3952;1;21
3953;1;51
3954;1;34
3955;50;3
3956;50;65
3957;300;4
3958;500;114
3959;250;7
3960;20;8
3961;500;7
3962;200;2
3963;30;4
3964;2;48
3965;27;8
3966;50;26
3967;40;8
3968;400;7
3969;200;37
3970;1000;7
3971;750;10
3972;70;3
3973;60;4
3974;150;31
3975;4;48
3976;4;21
3977;40;29
3978;14;8
3979;5.1;4
3980;5.1;6
3981;12.2;155
3982;7.1;48
3983;102;8
3984;102;26
3985;91.8;29
3986;612;10
3987;10;29
3988;50;8
3989;200;40
3990;200;3
3991;300;4
3992;400;12
3993;150;20
3994;40;4
3995;20;31
3996;20;8
3997;100;33
3998;100;65
3999;50;27
4000;500;231
4001;200;177
4002;100;138
4003;5;48
4004;60;38
4005;40;8
4006;50;26
4007;500;71
4008;1000;10
4009;180;26
4010;20;217
4011;120;29
4012;50;14
4013;90;80
4014;100;111
4015;50;4
4016;180;26
4017;170;3
4018;180;33
4019;175;13
4020;140;92
4021;150;23
4022;30;4
4023;15;11
4024;90;88
4025;18;8
4026;30;48
4027;30;6
4028;20;11
4029;30;21
4030;30;48
4031;90;88
4032;30;80
4033;100;88
4034;15;88
4035;950;44
4036;5;48
4037;20;8
4038;100;20
4039;10;21
4040;90;234
4041;30;31
4042;80;87
4043;168;235
4044;90;88
4045;45;11
4046;100;5
4047;350;71
4048;15;51
4049;20;11
4050;45;4
4051;85;3
4052;240;88
4053;90;234
4054;100;13
4055;30;31
4056;400;12
4057;168;235
4058;60;87
4059;90;5
4060;90;88
4061;15;170
4062;75;99
4063;15;94
4064;40;11
4065;10;52
4066;5;8
4067;20;160
4068;40;111
4069;80;30
4070;25;20
4071;40;153
4072;50;8
4073;125;7
4074;5;48
4075;210;2
4076;250;29
4077;114;26
4078;8;52
4079;23;38
4080;3;48
4081;2;144
4082;2;158
4083;93;31
4084;696;12
4085;10;29
4086;25;88
4087;52;8
4088;5;48
4089;5;21
4090;125;72
4091;19;11
4092;123;4
4093;1;54
4094;200;25
4095;100;153
4096;50;88
4097;200;88
4098;20;8
4099;500;114
4100;1;21
4101;200;4
4102;1000;2
4103;5;11
4104;30;80
4105;10;102
4106;216;26
4107;200;30
4108;70;31
4109;3;48
4110;10;170
4111;10;48
4112;250;3
4113;200;114
4114;1000;53
4115;150;31
4116;200;20
4117;15;8
4118;3;48
4119;20;65
4120;10;158
4121;15;11
4122;70;4
4123;400;0
4124;10;8
4125;50;7
4126;5;48
4127;1;21
4128;350;80
4129;500;0
4130;300;4
4131;100;29
4132;300;7
4133;10;14
4134;3;48
4135;120;30
4136;60;31
4137;150;26
4138;500;10
4139;200;5
4140;300;0
4141;400;123
4142;300;23
4143;300;92
4144;50;4
4145;400;1
4146;300;164
4147;5;11
4148;200;21
4149;450;13
4150;400;7
4151;50;52
4152;2;48
4153;70;138
4154;250;7
4155;75;8
4156;10;83
4157;800;5
4158;2;158
4159;25;40
4160;100;4
4161;1;21
4162;5;11
4163;800;11
4164;300;140
4165;150;153
4166;60;26
4167;1;48
4168;50;29
4169;190;5
4170;200;21
4171;340;164
4172;510;1
4173;165;4
4174;250;92
4175;1000;7
4176;5;48
4177;500;186
4178;400;1
4179;90;3
4180;100;4
4181;5;11
4182;5;48
4183;1;21
4184;20;144
4185;400;5
4186;180;7
4187;10;8
4188;200;30
4189;150;26
4190;1000;16
4191;150;4
4192;30;172
4193;10;29
4194;15;8
4195;700;8
4196;900;1
4197;200;5
4198;150;31
4199;50;8
4200;25;29
4201;350;30
4202;25;8
4203;20;141
4204;5;11
4205;2;21
4206;2;27
4207;200;18
4208;200;30
4209;7;11
4210;500;114
4211;600;36
4212;1000;7
4213;100;4
4214;10;11
4215;100;3
4216;30;65
4217;5;141
4218;4;48
4219;20;14
4220;20;29
4221;330;1
4222;20;29
4223;104;26
4224;120;31
4225;600;2
4226;100;4
4227;360;26
4228;150;8
4229;5;48
4230;100;90
4231;200;26
4232;60;4
4233;5;11
4234;80;31
4235;120;5
4236;5;48
4237;3;21
4238;25;8
4239;20;14
4240;80;21
4241;200;25
4242;100;20
4243;5;48
4244;100;48
4245;100;4
4246;200;32
4247;120;26
4248;46;31
4249;10;6
4250;2;48
4251;25;8
4252;500;82
4253;200;82
4254;180;4
4255;180;3
4256;150;21
4257;130;5
4258;10;48
4259;2;21
4260;80;8
4261;5;11
4262;20;6
4263;200;7
4264;550;2
4265;116;80
4266;123;29
4267;3;217
4268;118;26
4269;5;48
4270;3;21
4271;18;11
4272;100;4
4273;21;8
4274;1600;47
4275;125;8
4276;90;4
4277;600;53
4278;400;13
4279;10;48
4280;120;31
4281;400;15
4282;250;236
4283;100;22
4284;100;4
4285;200;21
4286;80;3
4287;40;8
4288;100;7
4289;5;48
4290;620;47
4291;2;21
4292;50;21
4293;100;15
4294;50;30
4295;64;91
4296;5;48
4297;50;4
4298;50;26
4299;20;237
4300;84;91
4301;170;99
4302;800;15
4303;600;238
4304;200;39
4305;80;4
4306;10;239
4307;100;31
4308;100;38
4309;5;83
4310;50;27
4311;200;117
4312;150;7
4313;3;48
4314;1;21
4315;10;8
4316;600;53
4317;180;26
4318;60;80
4319;120;29
4320;5;48
4321;17;8
4322;250;240
4323;250;164
4324;250;137
4325;150;5
4326;50;4
4327;5;11
4328;17;8
4329;10;34
4330;500;7
4331;5;54
4332;1;158
4333;1;158
4334;5;48
4335;1;21
4336;2;48
4337;40;8
4338;5;11
4339;2;21
4340;50;31
4341;200;80
4342;100;4
4343;5;6
4344;5;14
4345;1000;36
4346;300;32
4347;600;7
4348;10;8
4349;90;4
4350;10;24
4351;5;116
4352;5;48
4353;200;20
4354;400;7
4355;100;4
4356;2;11
4357;20;14
4358;10;8
4359;40;38
4360;5;48
4361;1;21
4362;750;2
4363;50;3
4364;40;29
4365;80;29
4366;15;8
4367;3;48
4368;500;37
4369;5000;7
4370;250;31
4371;30;8
4372;40;29
4373;300;30
4374;5;48
4375;2;11
4376;120;29
4377;30;52
4378;1;48
4379;60;26
4380;10;8
4381;300;177
4382;500;153
4383;130;13
4384;300;30
4385;100;72
4386;100;53
4387;10;52
4388;5;129
4389;10;239
4390;200;138
4391;150;7
4392;80;3
4393;80;4
4394;60;26
4395;100;31
4396;5;48
4397;100;29
4398;10;8
4399;500;82
4400;500;64
4401;500;69
4402;200;5
4403;1000;2
4404;250;3
4405;200;4
4406;5;11
4407;500;117
4408;5;158
4409;10;48
4410;1;21
4411;1;51
4412;20;6
4413;10;14
4414;2000;82
4415;100;31
4416;300;4
4417;200;21
4418;250;5
4419;20;8
4420;10;48
4421;2;21
4422;100;0
4423;500;7
4424;600;2
4425;2;24
4426;2;48
4427;120;26
4428;120;31
4429;20;38
4430;20;8
4431;300;64
4432;300;2
4433;220;0
4434;100;4
4435;80;3
4436;17;8
4437;2;48
4438;1;21
4439;150;31
4440;3;11
4441;100;7
4442;50;8
4443;20;4
4444;50;29
4445;100;30
4446;200;5
4447;100;2
4448;200;164
4449;500;71
4450;300;15
4451;100;42
4452;150;193
4453;200;2
4454;100;4
4455;80;80
4456;2;48
4457;1172;15
4458;273;38
4459;440;26
4460;382;31
4461;200;3
4462;10;48
4463;100;4
4464;100;29
4465;120;26
4466;100;7
4467;100;30
4468;180;153
4469;500;12
4470;60;8
4471;400;241
4472;300;74
4473;180;72
4474;200;117
4475;4;158
4476;100;4
4477;60;31
4478;17;8
4479;3;48
4480;3;141
4481;3000;7
4482;400;92
4483;200;5
4484;180;4
4485;17;8
4486;2;48
4487;30;14
4488;200;31
4489;800;15
4490;250;4
4491;2;48
4492;60;8
4493;3000;7
4494;180;26
4495;320;29
4496;450;15
4497;200;13
4498;50;8
4499;80;3
4500;2;48
4501;3;11
4502;630;7
4503;3;8
4504;3;11
4505;26;4
4506;50;242
4507;320;90
4508;700;51
4509;500;114
4510;120;13
4511;100;4
4512;2;11
4513;15;8
4514;40;14
4515;500;29
4516;120;26
4517;375;7
4518;1;48
4519;450;2
4520;60;26
4521;20;29
4522;17;8
4523;1;48
4524;1;21
4525;280;12
4526;180;5
4527;50;31
4528;20;6
4529;18;88
4530;250;114
4531;60;72
4532;12;8
4533;50;80
4534;9;14
4535;7;6
4536;10;48
4537;60;4
4538;315;5
4539;100;37
4540;250;114
4541;145;21
4542;1000;64
4543;700;15
4544;200;15
4545;180;26
4546;120;105
4547;3;11
4548;5;48
4549;1;21
4550;1500;232
4551;1000;142
4552;100;4
4553;80;3
4554;20;6
4555;3;11
4556;5;48
4557;1;21
4558;1;120
4559;20;170
4560;20;94
4561;20;127
4562;15;99
4563;50;25
4564;50;26
4565;30;138
4566;120;153
4567;20;243
4568;3;8
4569;580;244
4570;200;21
4571;100;4
4572;40;4
4573;20;8
4574;1;48
4575;1;21
4576;1;83
4577;1;11
4578;1;59
4579;120;26
4580;28;38
4581;200;32
4582;280;9
4583;30;109
4584;1;120
4585;1;115
4586;40;115
4587;50;138
4588;20;20
4589;1;48
4590;20;8
4591;20;6
4592;500;60
4593;130;21
4594;80;3
4595;100;4
4596;2;11
4597;15;8
4598;15;8
4599;1;21
4600;40;245
4601;30;88
4602;20;52
4603;20;105
4604;15;81
4605;500;21
4606;180;4
4607;2;11
4608;210;5
4609;10;144
4610;17;8
4611;180;26
4612;1;21
4613;42;72
4614;750;64
4615;300;72
4616;45;65
4617;180;117
4618;30;8
4619;28;83
4620;1;48
4621;1;21
4622;1000;15
4623;130;154
4624;60;26
4625;100;27
4626;180;246
4627;36;117
4628;38;117
4629;1;48
4630;1;21
4631;260;29
4632;55;26
4633;35;8
4634;3;48
4635;120;7
4636;1000;15
4637;250;0
4638;75;31
4639;75;31
4640;60;38
4641;850;15
4642;120;26
4643;50;4
4644;28;138
4645;30;38
4646;60;25
4647;130;31
4648;1;48
4649;1;21
4650;300;13
4651;450;168
4652;240;26
4653;100;4
4654;45;8
4655;745;47
4656;1;51
4657;1;48
4658;1;24
4659;1;115
4660;200;23
4661;20;6
4662;1200;15
4663;17;8
4664;25;221
4665;1;48
4666;100;30
4667;350;7
4668;5;11
4669;1;115
4670;1;86
4671;1500;247
4672;100;4
4673;25;172
4674;30;38
4675;100;117
4676;380;111
4677;17;8
4678;450;114
4679;60;26
4680;80;3
4681;80;2
4682;80;4
4683;100;111
4684;150;248
4685;20;239
4686;1;48
4687;1;21
4688;400;168
4689;30;40
4690;17;8
4691;20;117
4692;20;239
4693;75;38
4694;100;31
4695;1000;114
4696;300;130
4697;100;4
4698;1;48
4699;1;21
4700;900;69
4701;60;25
4702;18;239
4703;1;48
4704;2;141
4705;200;141
4706;100;249
4707;200;31
4708;200;114
4709;25;8
4710;250;72
4711;1;11
4712;1;48
4713;1;21
4714;1000;143
4715;500;4
4716;250;142
4717;50;170
4718;10;83
4719;4;11
4720;1;48
4721;1;21
4722;5;48
4723;35;29
4724;50;26
4725;300;250
4726;900;2
4727;250;13
4728;500;7
4729;850;93
4730;60;26
4731;100;20
4732;30;4
4733;20;14
4734;1;48
4735;1;21
4736;550;30
4737;45;8
4738;50;29
4739;20;138
4740;10;170
4741;5;151
4742;70;7
4743;300;251
4744;6000;71
4745;10;196
4746;10;158
4747;1;51
4748;300;3
4749;300;4
4750;200;50
4751;1;48
4752;1000;15
4753;600;2
4754;200;74
4755;200;5
4756;100;47
4757;200;4
4758;200;72
4759;51;8
4760;200;31
4761;200;1
4762;1;51
4763;1;21
4764;1;48
4765;100;4
4766;200;33
4767;200;38
4768;250;1
4769;120;26
4770;10;26
4771;10;40
4772;17;8
4773;1;48
4774;1;21
4775;230;21
4776;230;139
4777;250;117
4778;100;4
4779;51;8
4780;350;64
4781;350;82
4782;50;74
4783;800;10
4784;800;10
4785;100;130
4786;1000;7
4787;50;50
4788;20;6
4789;150;252
4790;220;47
4791;25;129
4792;1;21
4793;1;51
4794;1;48
4795;1;21
4796;300;21
4797;300;92
4798;30;4
4799;70;3
4800;300;53
4801;17;8
4802;2;11
4803;700;114
4804;500;12
4805;50;26
4806;50;8
4807;100;30
4808;5;21
4809;5;48
4810;5;115
4811;5;83
4812;50;4
4813;50;21
4814;1500;10
4815;110;7
4816;50;151
4817;30;52
4818;1;48
4819;1;209
4820;60;253
4821;100;111
4822;50;81
4823;450;93
4824;2;11
4825;5;68
4826;10;170
4827;30;88
4828;30;40
4829;500;2
4830;250;10
4831;40;4
4832;100;30
4833;50;8
4834;20;11
4835;1;27
4836;5;48
4837;1;21
4838;700;64
4839;150;4
4840;200;9
4841;80;29
4842;30;6
4843;30;8
4844;10;48
4845;300;95
4846;3;106
4847;3;21
4848;300;76
4849;120;72
4850;100;26
4851;40;31
4852;3;83
4853;4;48
4854;10;102
4855;20;208
4856;60;8
4857;5;81
4858;150;29
4859;3;155
4860;60;7
4861;30;8
4862;120;26
4863;200;12
4864;20;31
4865;4;48
4866;3;21
4867;10;30
4868;35;26
4869;600;178
4870;400;2
4871;5;48
4872;50;8
4873;165;26
4874;500;153
4875;135;154
4876;60;31
4877;100;31
4878;240;92
4879;100;4
4880;100;3
4881;1200;7
4882;40;8
4883;100;233
4884;180;92
4885;120;138
4886;120;7
4887;3;48
4888;10;29
4889;30;8
4890;10;11
4891;200;13
4892;150;9
4893;700;7
4894;5;48
4895;30;8
4896;400;114
4897;500;10
4898;100;4
4899;30;8
4900;100;26
4901;150;30
4902;50;31
4903;50;38
4904;5;48
4905;3;21
4906;250;26
4907;120;31
4908;100;8
4909;5;48
4910;200;92
4911;50;29
4912;400;31
4913;600;7
4914;200;7
4915;100;254
4916;200;3
4917;40;102
4918;3;48
4919;30;8
4920;100;50
4921;100;50
4922;100;21
4923;100;3
4924;300;2
4925;1000;12
4926;30;255
4927;30;21
4928;30;11
4929;400;114
4930;400;114
4931;60;26
4932;6;144
4933;1;6
4934;100;5
4935;5;8
4936;350;7
4937;1000;46
4938;500;2
4939;5;48
4940;30;65
4941;165;3
4942;1700;10
4943;150;4
4944;400;93
4945;400;53
4946;40;40
4947;250;47
4948;120;80
4949;15;8
4950;40;14
4951;7;48
4952;4;21
4953;540;29
4954;250;7
4955;60;8
4956;7;48
4957;400;10
4958;100;10
4959;70;4
4960;70;3
4961;4;21
4962;1000;164
4963;500;2
4964;200;21
4965;150;4
4966;400;5
4967;20;11
4968;30;21
4969;15;21
4970;15;6
4971;15;14
4972;3;158
4973;3;144
4974;80;8
4975;5;48
4976;80.8;27
4977;5.1;40
4978;3;48
4979;5.1;115
4980;20.2;11
4981;15.2;11
4982;50.5;7
4983;5.1;21
4984;3;59
4985;1000;164
4986;90;4
4987;50;8
4988;4;115
4989;2;24
4990;3;86
4991;20;86
4992;7;48
4993;1000;82
4994;500;5
4995;200;4
4996;50;65
4997;60;8
4998;5;86
4999;5;221
5000;3;21
5001;20;21
5002;10;48
5003;600;15
5004;500;27
5005;200;4
5006;15;11
5007;30;8
5008;30;81
5009;20;81
5010;4;86
5011;3;24
5012;2;21
5013;4;54
5014;1000;47
5015;2;11
5016;7;88
5017;5;94
5018;600;198
5019;1;21
5020;1;48
5021;1;58
5022;1;21
5023;1;58
5024;30;4
5025;4;11
5026;400;114
5027;1;8
5028;1;48
5029;1;21
5030;50;4
5031;10;80
5032;50;72
5033;400;0
5034;735;76
5035;500;18
5036;200;30
5037;70;4
5038;15;34
5039;15;29
5040;5;11
5041;5;68
5042;45;8
5043;15;8
5044;7;48
5045;15;8
5046;23;88
5047;90;25
5048;1040;1
5049;20;8
5050;1000;7
5051;100;3
5052;200;4
5053;500;114
5054;200;50
5055;230;9
5056;100;111
5057;45;26
5058;40;27
5059;40;151
5060;3;48
5061;20;20
5062;30;8
5063;70;3
5064;60;91
5065;35;218
5066;100;7
5067;200;122
5068;50;122
5069;20;89
5070;20;11
5071;50;4
5072;90;26
5073;80;29
5074;5;155
5075;30;8
5076;4;48
5077;500;18
5078;50;6
5079;12;11
5080;45;8
5081;2;21
5082;2;48
5083;1000;2
5084;40;26
5085;250;29
5086;100;31
5087;50;8
5088;3;141
5089;10;48
5090;90;91
5091;100;10
5092;2;8
5093;20;7
5094;10;14
5095;180;28
5096;250;0
5097;70;4
5098;40;8
5099;150;80
5100;70;31
5101;2;21
5102;3;48
5103;30;8
5104;30;29
5105;60;26
5106;140;3
5107;20;20
5108;140;4
5109;720;35
5110;5;144
5111;2;196
5112;5;196
5113;10;157
5114;280;96
5115;450;135
5116;200;123
5117;200;51
5118;1400;88
5119;12;11
5120;225;0
5121;2;21
5122;300;29
5123;190;26
5124;45;8
5125;200;96
5126;100;31
5127;2;27
5128;2;21
5129;4;48
5130;500;37
5131;500;114
5132;100;65
5133;300;5
5134;90;4
5135;200;31
5136;15;117
5137;45;8
5138;2;21
5139;3;144
5140;5;48
5141;180;13
5142;60;8
5143;200;53
5144;1000;7
5145;2;24
5146;15;68
5147;7;48
5148;350;244
5149;120;244
5150;120;5
5151;30;8
5152;2;14
5153;7;40
5154;2;48
5155;50;65
5156;500;7
5157;100;80
5158;200;4
5159;200;3
5160;500;114
5161;500;20
5162;15;8
5163;50;177
5164;70;256
5165;10;29
5166;30;138
5167;30;7
5168;10;99
5169;20;29
5170;80;14
5171;80;6
5172;80;26
5173;100;4
5174;80;3
5175;100;13
5176;200;1
5177;500;12
5178;30;8
5179;100;80
5180;300;2
5181;30;8
5182;30;48
5183;3000;74
5184;100;4
5185;50;5
5186;35;26
5187;30;31
5188;60;31
5189;200;31
5190;70;89
5191;70;96
5192;70;4
5193;70;4
5194;400;153
5195;200;31
5196;200;80
5197;30;8
5198;2;21
5199;5;48
5200;180;26
5201;70;8
5202;50;31
5203;20;14
5204;100;29
5205;5;21
5206;20;48
5207;50;26
5208;130;4
5209;100;30
5210;100;28
5211;100;257
5212;650;114
5213;10;14
5214;1;51
5215;5;21
5216;50;8
5217;20;48
5218;50;65
5219;150;4
5220;100;80
5221;500;82
5222;300;1
5223;140;26
5224;100;29
5225;80;31
5226;30;6
5227;25;8
5228;50;38
5229;5;48
5230;5;217
5231;800;2
5232;90;26
5233;25;29
5234;60;8
5235;50;8
5236;90;4
5237;300;0
5238;5;48
5239;200;258
5240;100;80
5241;20;8
5242;70;4
5243;30;31
5244;3;48
5245;15;6
5246;500;53
5247;50;109
5248;200;80
5249;25;11
5250;20;14
5251;40;8
5252;4;48
5253;2;21
5254;100;80
5255;60;26
5256;100;4
5257;500;82
5258;500;82
5259;500;259
5260;800;5
5261;75;4
5262;150;3
5263;45;8
5264;5;51
5265;2;21
5266;7;48
5267;250;15
5268;200;164
5269;180;5
5270;50;29
5271;50;38
5272;45;26
5273;30;30
5274;100;31
5275;60;8
5276;2;21
5277;5;48
5278;250;15
5279;15;11
5280;120;13
5281;250;7
5282;2;21
5283;5;48
5284;500;10
5285;300;2
5286;200;30
5287;100;80
5288;25;8
5289;100;31
5290;15;11
5291;50;38
5292;7;48
5293;2;21
5294;350;4
5295;50;29
5296;45;26
5297;2;34
5298;2;21
5299;45;8
5300;3;48
5301;4;8
5302;125;30
5303;100;7
5304;145;29
5305;250;25
5306;120;25
5307;5;52
5308;60;26
5309;300;13
5310;600;47
5311;300;46
5312;150;118
5313;65;4
5314;60;50
5315;120;21
5316;20;11
5317;160;5
5318;3;83
5319;1;21
5320;2;21
5321;2;158
5322;2;21
5323;7;48
5324;300;9
5325;70;4
5326;45;8
5327;4;48
5328;3;52
5329;5;81
5330;2;21
5331;75;4
5332;500;114
5333;500;114
5334;75;28
5335;45;3
5336;45;26
5337;80;260
5338;20;94
5339;15;11
5340;15;8
5341;2;21
5342;7;48
5343;250;76
5344;300;76
5345;80;4
5346;80;87
5347;30;40
5348;30;8
5349;12;94
5350;2;21
5351;3;48
5352;125;13
5353;125;13
5354;185;33
5355;60;145
5356;160;194
5357;10;261
5358;15;31
5359;30;8
5360;5;81
5361;100;114
5362;150;114
5363;50;20
5364;210;26
5365;50;4
5366;10;11
5367;2;83
5368;2;21
5369;5;48
5370;90;5
5371;30;6
5372;30;8
5373;100;38
5374;350;114
5375;350;114
5376;200;0
5377;45;26
5378;75;4
5379;75;3
5380;50;80
5381;15;8
5382;50;38
5383;40;94
5384;3;21
5385;4;48
5386;30;8
5387;25;170
5388;7;83
5389;25;170
5390;250;170
5391;125;186
5392;150;3
5393;200;12
5394;10;48
5395;10;11
5396;10;14
5397;10;6
5398;5;8
5399;10;21
5400;10;14
5401;10;14
5402;10;11
5403;3;48
5404;320;28
5405;200;153
5406;200;80
5407;50;26
5408;3;48
5409;5;52
5410;40;166
5411;80;174
5412;100;2
5413;50;10
5414;50;4
5415;5;8
5416;10;14
5417;2;48
5418;1;21
5419;100;10
5420;250;152
5421;250;37
5422;200;23
5423;250;5
5424;100;80
5425;10;48
5426;50;87
5427;20;14
5428;180;23
5429;200;19
5430;20;14
5431;20;6
5432;30;4
5433;50;80
5434;250;5
5435;250;19
5436;50;4
5437;250;21
5438;50;87
5439;100;42
5440;300;9
5441;300;111
5442;20;8
5443;40;81
5444;5;48
5445;2;21
5446;600;161
5447;500;40
5448;5;48
5449;10;120
5450;300;164
5451;300;21
5452;300;4
5453;300;22
5454;300;5
5455;50;14
5456;5;48
5457;300;10
5458;60;8
5459;500;0
5460;100;18
5461;30;80
5462;20;31
5463;30;14
5464;200;12
5465;80;236
5466;100;4
5467;20;4
5468;200;5
5469;100;21
5470;30;262
5471;5;8
5472;200;92
5473;200;197
5474;200;263
5475;5;8
5476;200;18
5477;300;10
5478;200;5
5479;200;21
5480;20;6
5481;10;8
5482;80;12
5483;100;0
5484;100;28
5485;5;8
5486;10;6
5487;20;31
5488;300;12
5489;300;2
5490;200;3
5491;200;19
5492;150;26
5493;100;23
5494;50;172
5495;50;99
5496;1000;164
5497;100;90
5498;10;8
5499;100;4
5500;20;6
5501;300;10
5502;200;5
5503;30;8
5504;75;19
5505;150;21
5506;30;4
5507;50;19
5508;10;40
5509;10;6
5510;15;27
5511;5;8
5512;10;253
5513;70;3
5514;50;9
5515;100;10
5516;5;48
5517;70;80
5518;100;19
5519;100;5
5520;100;29
5521;90;26
5522;500;1
5523;150;80
5524;50;8
5525;50;31
5526;4;11
5527;500;164
5528;100;3
5529;100;4
5530;120;40
5531;30;8
5532;50;14
5533;25;31
5534;50;18
5535;150;26
5536;10;102
5537;10;27
5538;5;8
5539;20;40
5540;15;6
5541;50;4
5542;80;19
5543;200;5
5544;80;29
5545;25;40
5546;80;8
5547;120;26
5548;300;18
5549;200;55
5550;5;21
5551;10;48
5552;50;8
5553;200;27
5554;100;40
5555;50;13
5556;80;170
5557;500;9
5558;150;4
5559;20;172
5560;3;48
5561;400;10
5562;100;31
5563;100;38
5564;500;12
5565;5;8
5566;40;21
5567;40;87
5568;30;111
5569;10;253
5570;150;5
5571;90;31
5572;20;8
5573;10;14
5574;5;52
5575;5;48
5576;3;21
5577;60;8
5578;15;21
5579;15;115
5580;15;115
5581;30;94
5582;15;94
5583;15;144
5584;15;83
5585;500;12
5586;1000;7
5587;60;48
5588;450;0
5589;400;22
5590;3;48
5591;20;8
5592;240;42
5593;30;4
5594;7;11
5595;5;14
5596;500;10
5597;50;8
5598;5;48
5599;100;38
5600;100;26
5601;2;21
5602;3;48
5603;3;14
5604;300;31
5605;20;8
5606;500;5
5607;100;31
5608;5;8
5609;20;4
5610;100;5
5611;100;1
5612;100;31
5613;100;5
5614;10;8
5615;100;30
5616;210;26
5617;183;9
5618;418;2
5619;20;8
5620;90;4
5621;274;23
5622;200;19
5623;542;10
5624;30;8
5625;300;4
5626;300;3
5627;300;5
5628;500;1
5629;300;4
5630;500;9
5631;30;8
5632;100;65
5633;283;23
5634;565;2
5635;164;12
5636;458;26
5637;50;4
5638;180;19
5639;250;80
5640;20;94
5641;100;82
5642;100;82
5643;30;94
5644;200;264
5645;150;26
5646;250;92
5647;3;21
5648;50;8
5649;90;29
5650;50;26
5651;50;4
5652;80;3
5653;500;1
5654;5;48
5655;150;265
5656;240;10
5657;100;4
5658;280;92
5659;240;264
5660;14;88
5661;9;170
5662;25;40
5663;8;11
5664;20;102
5665;250;145
5666;100;18
5667;50;80
5668;200;9
5669;50;27
5670;50;27
5671;30;27
5672;100;22
5673;100;99
5674;110;26
5675;80;111
5676;40;19
5677;150;3
5678;300;12
5679;5;266
5680;10;94
5681;10;88
5682;10;267
5683;125;87
5684;10;8
5685;5;11
5686;10;40
5687;5;6
5688;10;8
5689;100;10
5690;100;111
5691;100;3
5692;100;9
5693;300;4
5694;100;11
5695;80;8
5696;100;52
5697;300;5
5698;300;21
5699;3000;164
5700;5;106
5701;5;48
5702;50;8
5703;200;3
5704;100;111
5705;200;9
5706;157;3
5707;100;50
5708;82;263
5709;30;109
5710;67;21
5711;139;19
5712;25;4
5713;143;5
5714;20;88
5715;10;214
5716;14.9;52
5717;14.9;81
5718;5;48
5719;495;7
5720;247.5;68
5721;10;14
5722;30;3
5723;20;42
5724;20;22
5725;20;23
5726;20;92
5727;10;268
5728;20;39
5729;100;87
5730;200;111
5731;200;111
5732;200;12
5733;200;3
5734;600;10
5735;200;111
5736;500;9
5737;200;50
5738;300;26
5739;20;94
5740;50;38
5741;600;114
5742;500;269
5743;20;8
5744;10;21
5745;10;14
5746;10;48
5747;50;21
5748;100;4
5749;300;74
5750;300;10
5751;100;81
5752;250;26
5753;400;8
5754;100;261
5755;200;19
5756;250;19
5757;5000;270
5758;200;87
5759;100;265
5760;900;271
5761;1500;192
5762;100;172
5763;50;8
5764;200;4
5765;200;3
5766;500;35
5767;250;22
5768;20;28
5769;20;140
5770;10;31
5771;5;94
5772;50;4
5773;50;50
5774;50;172
5775;250;12
5776;200;87
5777;250;16
5778;50;50
5779;25;4
5780;25;14
5781;200;87
5782;30;87
5783;150;7
5784;10;8
5785;100;4
5786;10;11
5787;75;42
5788;120;26
5789;3;48
5790;15;8
5791;50;2
5792;200;3
5793;10;8
5794;40;77
5795;40;4
5796;7;81
5797;3;48
5798;3;21
5799;3;52
5800;6;6
5801;60;3
5802;180;272
5803;5;8
5804;100;9
5805;200;9
5806;400;10
5807;25;8
5808;25;88
5809;120;254
5810;30;14
5811;250;154
5812;30;94
5813;80;8
5814;350;28
5815;5;21
5816;20;237
5817;10;48
5818;5;51
5819;200;4
5820;140;3
5821;1500;15
5822;30;11
5823;300;10
5824;150;19
5825;300;92
5826;200;264
5827;150;265
5828;150;99
5829;7;88
5830;3;21
5831;200;264
5832;3;48
5833;10;8
5834;145;31
5835;220;26
5836;200;87
5837;50;8
5838;200;8
5839;5;48
5840;4;21
5841;5;129
5842;30;50
5843;30;6
5844;150;111
5845;150;3
5846;150;4
5847;500;35
5848;200;16
5849;250;13
5850;150;26
5851;100;4
5852;60;172
5853;4;48
5854;12;123
5855;100;92
5856;5;4
5857;5;6
5858;5;14
5859;30;140
5860;4;8
5861;110;26
5862;3;48
5863;200;272
5864;200;111
5865;100;3
5866;2;48
5867;1;21
5868;50;80
5869;2;21
5870;5;8
5871;10;214
5872;3;48
5873;100;4
5874;150;2
5875;50;0
5876;25;87
5877;25;216
5878;10;14
5879;10;14
5880;15;123
5881;10;6
5882;15;87
5883;130;31
5884;230;31
5885;200;76
5886;1;21
5887;15;102
5888;200;19
5889;270;5
5890;20;40
5891;35;8
5892;1;21
5893;300;18
5894;10;6
5895;150;92
5896;150;23
5897;20;87
5898;100;92
5899;70;111
5900;500;10
5901;20;40
5902;3;48
5903;3;21
5904;50;88
5905;50;31
5906;350;31
5907;20;40
5908;300;15
5909;200;19
5910;100;26
5911;250;92
5912;15;87
5913;3;21
5914;3;48
5915;150;31
5916;100;26
5917;200;7
5918;200;161
5919;20;81
5920;600;9
5921;38;4
5922;200;172
5923;8;8
5924;6;14
5925;6;6
5926;2;48
5927;200;19
5928;200;272
5929;120;272
5930;120;273
5931;50;14
5932;30;72
5933;100;31
5934;200;76
5935;20;274
5936;200;3
5937;150;4
5938;20;88
5939;20;40
5940;200;19
5941;300;50
5942;200;23
5943;150;10
5944;8;8
5945;4;48
5946;10;14
5947;10;6
5948;500;172
5949;5;11
5950;100;111
5951;150;26
5952;150;3
5953;75;4
5954;100;9
5955;400;2
5956;400;161
5957;300;4
5958;300;2
5959;300;3
5960;200;26
5961;250;176
5962;250;172
5963;200;14
5964;200;31
5965;600;21
5966;5;11
5967;80;172
5968;2;21
5969;100;172
5970;400;172
5971;20;14
5972;200;140
5973;200;19
5974;400;172
5975;1;21
5976;5;11
5977;150;26
5978;400;92
5979;100;4
5980;100;19
5981;100;5
5982;200;264
5983;180;13
5984;3;21
5985;100;231
5986;5;48
5987;300;10
5988;200;31
5989;250;123
5990;150;18
5991;100;80
5992;50;14
5993;10;8
5994;100;26
5995;40;26
5996;100;3
5997;150;4
5998;200;0
5999;180;12
6000;50;172
6001;150;4
6002;300;111
6003;300;3
6004;300;9
6005;300;161
6006;300;2
6007;150;111
6008;50;31
6009;15;214
6010;150;53
6011;30;40
6012;150;3
6013;30;8
6014;5;48
6015;20;14
6016;3;155
6017;25;30
6018;25;8
6019;250;153
6020;200;264
6021;400;92
6022;200;21
6023;100;100
6024;150;80
6025;3;48
6026;1;21
6027;400;21
6028;400;19
6029;300;275
6030;50;14
6031;150;80
6032;2;21
6033;3;48
6034;5;81
6035;200;5
6036;50;4
6037;20;11
6038;500;10
6039;200;21
6040;15;14
6041;100;19
6042;80;77
6043;180;153
6044;1500;76
6045;25;52
6046;50;48
6047;200;19
6048;200;90
6049;75;21
6050;15;8
6051;50;87
6052;10;14
6053;10;6
6054;25;7
6055;500;23
6056;15;11
6057;80;4
6058;50;8
6059;100;4
6060;200;21
6061;400;10
6062;400;92
6063;200;264
6064;100;172
6065;200;74
6066;60;2
6067;60;4
6068;100;21
6069;200;7
6070;200;19
6071;200;90
6072;15;8
6073;15;8
6074;300;272
6075;10;8
6076;5;40
6077;4;48
6078;100;87
6079;50;4
6080;50;4
6081;50;50
6082;100;77
6083;20;8
6084;3;48
6085;10;102
6086;20;11
6087;100;10
6088;50;8
6089;100;4
6090;100;3
6091;100;9
6092;100;50
6093;20;8
6094;3;48
6095;70;68
6096;75;151
6097;150;3
6098;200;10
6099;50;4
6100;10;8
6101;5;40
6102;185;33
6103;170;92
6104;20;88
6105;30;8
6106;500;12
6107;10;81
6108;150;4
6109;500;21
6110;100;154
6111;100;10
6112;20;4
6113;100;5
6114;100;21
6115;100;19
6116;100;99
6117;5;4
6118;5;14
6119;5;14
6120;6;11
6121;1000;25
6122;1000;30
6123;300;26
6124;40;48
6125;2;21
6126;2;120
6127;10;8
6128;5;40
6129;200;276
6130;100;23
6131;120;23
6132;1500;21
6133;1700;164
6134;200;11
6135;150;8
6136;150;48
6137;200;52
6138;100;6
6139;100;14
6140;400;81
6141;100;4
6142;100;4
6143;100;3
6144;200;0
6145;100;19
6146;50;172
6147;100;23
6148;200;26
6149;100;80
6150;150;19
6151;30;4
6152;300;10
6153;1000;159
6154;60;48
6155;16;51
6156;1000;7
6157;10;21
6158;15;21
6159;25;52
6160;150;4
6161;45;8
6162;15;115
6163;15;81
6164;3.1;48
6165;30.6;172
6166;153;31
6167;6.1;11
6168;5;277
6169;2;8
6170;3;102
6171;160;111
6172;60;26
6173;5;81
6174;25;87
6175;40;12
6176;40;21
6177;60;3
6178;10;94
6179;100;8
6180;100;29
6181;100;31
6182;150;26
6183;60;7
6184;60;30
6185;5;48
6186;80;48
6187;180;19
6188;136;33
6189;30;87
6190;300;87
6191;300;5
6192;50;4
6193;30;4
6194;200;92
6195;200;92
6196;30;40
6197;3;48
6198;2;21
6199;100;216
6200;400;169
6201;120;31
6202;40;27
6203;8;8
6204;10;40
6205;200;26
6206;200;19
6207;200;0
6208;100;87
6209;10;11
6210;3;48
6211;5;8
6212;30;31
6213;30;18
6214;70;18
6215;50;19
6216;200;153
6217;90;76
6218;4;136
6219;6;14
6220;150;60
6221;20;80
6222;3;21
6223;94;26
6224;45;21
6225;20;10
6226;108;5
6227;118;19
6228;76;21
6229;10;11
6230;20;14
6231;25;4
6232;201;10
6233;53;10
6234;63;3
6235;200;3
6236;200;1
6237;200;278
6238;10;102
6239;10;88
6240;5;8
6241;5;170
6242;5;81
6243;10;68
6244;5;52
6245;60;31
6246;20;80
6247;40;4
6248;10;172
6249;100;26
6250;300;111
6251;25;48
6252;50;4
6253;500;5
6254;100;144
6255;50;4
6256;3;8
6257;100;153
6258;80;26
6259;500;114
6260;100;7
6261;25;48
6262;50;8
6263;50;40
6264;50;27
6265;200;14
6266;200;5
6267;400;4
6268;400;53
6269;400;164
6270;50;30
6271;150;153
6272;20;14
6273;50;11
6274;100;31
6275;160;26
6276;200;35
6277;50;48
6278;100;52
6279;100;81
6280;150;8
6281;500;19
6282;500;21
6283;500;4
6284;1000;10
6285;600;3
6286;1000;5
6287;5;48
6288;50;153
6289;100;264
6290;5;48
6291;8;14
6292;20;4
6293;40;80
6294;40;21
6295;50;10
6296;50;12
6297;40;81
6298;100;21
6299;90;4
6300;4;48
6301;10;8
6302;10;6
6303;10;14
6304;200;5
6305;200;19
6306;150;77
6307;80;5
6308;50;31
6309;40;28
6310;100;28
6311;100;153
6312;20;14
6313;100;28
6314;50;26
6315;20;87
6316;50;19
6317;20;4
6318;2;48
6319;10;14
6320;300;3
6321;850;12
6322;50;8
6323;700;22
6324;50;172
6325;180;111
6326;5;48
6327;500;7
6328;15;14
6329;50;172
6330;75;21
6331;300;93
6332;200;279
6333;250;92
6334;2;51
6335;3;21
6336;25;4
6337;280;26
6338;350;77
6339;115;19
6340;300;18
6341;300;60
6342;200;264
6343;250;26
6344;130;265
6345;60;172
6346;10;14
6347;20;14
6348;200;26
6349;100;76
6350;400;76
6351;164;19
6352;207;92
6353;200;264
6354;190;26
6355;100;207
6356;8;94
6357;100;80
6358;40;8
6359;25;31
6360;500;74
6361;15;29
6362;10;52
6363;20;48
6364;170;81
6365;480;7
6366;800;0
6367;20;11
6368;5;51
6369;5;21
6370;200;21
6371;20;14
6372;150;8
6373;5;48
6374;100;26
6375;20;6
6376;80;29
6377;25;8
6378;20;14
6379;1000;10
6380;30;14
6381;5;48
6382;20;8
6383;5;11
6384;100;20
6385;80;4
6386;1000;10
6387;65;29
6388;180;153
6389;100;26
6390;5;21
6391;5;48
6392;30;91
6393;300;72
6394;700;15
6395;450;164
6396;20;8
6397;100;29
6398;28;11
6399;200;172
6400;200;5
6401;65;14
6402;10;8
6403;50;31
6404;400;15
6405;70;21
6406;150;153
6407;220;5
6408;600;1
6409;5;11
6410;20;14
6411;100;14
6412;5000;7
6413;250;48
6414;300;52
6415;100;97
6416;100;11
6417;500;3
6418;2000;1
6419;1000;4
6420;3000;5
6421;3000;19
6422;10;21
6423;200;50
6424;160;111
6425;100;27
6426;100;87
6427;100;80
6428;50;26
6429;150;111
6430;200;145
6431;150;273
6432;350;12
6433;120;172
6434;10;40
6435;20;52
6436;5;48
6437;3;21
6438;350;31
6439;5;11
6440;15;6
6441;500;21
6442;500;5
6443;500;164
6444;50;80
6445;400;5
6446;400;1
6447;100;4
6448;20;11
6449;50;14
6450;10;8
6451;30;8
6452;30;31
6453;400;164
6454;400;53
6455;20;14
6456;40;81
6457;10;11
6458;70;27
6459;20;8
6460;20;239
6461;30;4
6462;20;80
6463;300;77
6464;10;40
6465;20;8
6466;50;4
6467;50;77
6468;10;14
6469;70;19
6470;70;5
6471;30;31
6472;50;91
6473;100;26
6474;300;1
6475;300;10

