id;weight;ingredient_id;recipe_id
0;400;0;0
1;300;1;0
2;200;2;0
3;100;3;0
4;100;4;0
5;100;5;0
6;30;4;0
7;20;6;0
8;400;7;0
9;10;8;0
10;200;9;1
11;100;3;1
12;100;10;1
13;100;2;1
14;100;4;1
15;100;5;1
16;20;11;1
17;400;7;1
18;400;12;1
19;200;13;2
20;400;5;2
21;100;4;2
22;50;14;2
23;20;11;2
24;400;15;2
25;2000;7;2
26;400;16;3
27;200;2;3
28;200;3;3
29;200;5;3
30;100;4;3
31;20;17;3
32;600;7;3
33;50;13;4
34;200;5;4
35;10;11;4
36;5;8;4
37;100;4;4
38;1000;7;4
39;30;7;4
40;10;14;4
41;360;18;4
42;400;15;5
43;200;19;5
44;200;2;5
45;100;3;5
46;100;4;5
47;1000;7;5
48;50;20;5
49;200;12;6
50;100;10;6
51;100;3;6
52;100;21;6
53;100;22;6
54;100;23;6
55;800;7;6
56;100;4;6
57;2;24;6
58;100;5;6
59;600;25;7
60;200;26;7
61;200;9;7
62;200;19;7
63;20;14;7
64;200;25;8
65;5;11;8
66;100;19;8
67;3;8;8
68;5;27;8
69;5;14;8
70;160;28;9
71;100;4;9
72;20;29;9
73;250;30;9
74;150;31;9
75;250;7;9
76;200;32;10
77;800;7;10
78;150;3;10
79;100;4;10
80;20;29;10
81;10;8;10
82;80;13;11
83;200;1;11
84;300;5;11
85;100;4;11
86;20;29;11
87;20;8;11
88;300;33;11
89;500;7;11
90;3;34;11
91;200;35;12
92;200;36;12
93;120;37;12
94;100;3;12
95;100;4;12
96;20;6;12
97;600;7;12
98;400;5;13
99;300;19;13
100;100;4;13
101;200;21;13
102;20;8;13
103;10;11;13
104;60;38;13
105;30;39;13
106;40;14;13
107;200;40;13
108;200;12;14
109;200;26;14
110;200;2;14
111;200;19;14
112;100;4;14
113;50;14;14
114;500;41;14
115;500;42;15
116;100;2;15
117;100;4;15
118;100;3;15
119;4000;7;15
120;500;12;15
121;100;20;16
122;80;3;16
123;50;8;16
124;80;4;16
125;800;2;16
126;600;43;16
127;2000;7;16
128;30;44;17
129;1349;7;17
130;100;45;17
131;70;21;17
132;70;46;17
133;150;3;17
134;527;2;17
135;1012;47;17
136;3;48;18
137;2000;7;18
138;80;29;18
139;3;14;18
140;50;26;18
141;80;3;18
142;80;4;18
143;600;49;18
144;600;1;19
145;110;4;19
146;80;3;19
147;120;3;19
148;100;23;19
149;10;8;19
150;120;12;19
151;500;7;19
152;50;14;20
153;50;11;20
154;100;4;20
155;150;4;20
156;300;3;20
157;200;50;20
158;2000;7;21
159;300;2;21
160;30;48;21
161;3;21;21
162;2;51;21
163;5;8;21
164;7;6;21
165;13;14;21
166;250;29;21
167;60;26;21
168;50;30;21
169;25;8;22
170;25;29;22
171;25;52;22
172;200;7;22
173;400;30;22
174;500;53;22
175;5;40;22
176;5;54;22
177;12;8;23
178;5;21;23
179;30;48;23
180;100;14;23
181;3000;7;23
182;450;2;23
183;250;3;23
184;150;4;23
185;1200;55;23
186;200;20;23
187;120;56;24
188;5;48;24
189;3;21;24
190;100;4;24
191;30;8;24
192;1000;7;24
193;1000;4;24
194;5;48;25
195;1300;7;25
196;50;15;25
197;250;57;25
198;1000;10;26
199;500;0;26
200;200;4;26
201;70;6;26
202;20;8;26
203;20;29;26
204;40;14;26
205;2000;7;26
206;60;3;26
207;1000;3;27
208;1000;7;27
209;150;4;27
210;15;11;27
211;10;8;27
212;5;27;27
213;40;14;27
214;40;27;27
215;10;8;28
216;500;7;28
217;20;40;28
218;100;26;28
219;3;58;28
220;5;14;28
221;3;59;28
222;350;40;28
223;90;5;28
224;50;21;28
225;50;11;28
226;100;60;28
227;80;18;28
228;80;4;28
229;100;61;28
230;70;62;28
231;75;3;28
232;50;37;29
233;100;22;29
234;60;26;29
235;20;8;29
236;50;4;29
237;100;3;29
238;400;2;29
239;2000;7;29
240;100;3;30
241;100;4;30
242;200;20;30
243;300;2;30
244;30;8;30
245;20;14;30
246;2000;7;30
247;3;21;31
248;1000;7;31
249;3;48;31
250;3;34;31
251;5;8;31
252;20;63;31
253;70;4;31
254;150;3;31
255;500;53;31
256;400;2;32
257;200;3;32
258;10;8;32
259;60;4;32
260;1800;7;32
261;500;64;32
262;40;65;32
263;40;21;32
264;10;48;32
265;400;10;32
266;4;51;32
267;20;6;32
268;5;47;32
269;150;3;33
270;25;3;33
271;75;4;33
272;8;11;33
273;100;66;33
274;34;8;33
275;2;21;33
276;2000;7;33
277;3;21;34
278;1;51;34
279;10;67;34
280;3;21;34
281;40;11;34
282;300;4;34
283;5;48;34
284;3000;7;34
285;500;64;34
286;10;68;34
287;100;4;35
288;50;21;35
289;200;10;35
290;150;50;35
291;100;5;35
292;1000;7;35
293;5;48;35
294;10;8;35
295;600;69;36
296;1200;7;36
297;100;4;36
298;2;21;36
299;5;48;36
300;2;51;36
301;50;14;36
302;230;70;37
303;700;2;37
304;500;64;37
305;2500;7;37
306;100;3;37
307;100;4;37
308;5;51;37
309;10;48;37
310;10;14;37
311;35;8;37
312;60;4;38
313;700;71;38
314;500;2;38
315;100;3;38
316;1500;7;38
317;20;48;38
318;200;72;39
319;500;0;39
320;500;7;39
321;100;29;39
322;50;8;39
323;300;4;39
324;100;3;40
325;30;8;40
326;50;6;40
327;150;4;40
328;450;2;40
329;50;20;40
330;2000;7;40
331;300;73;40
332;50;74;40
333;2000;7;41
334;200;3;41
335;200;2;41
336;300;75;41
337;400;7;42
338;5;14;42
339;20;3;42
340;50;19;42
341;15;4;42
342;100;2;42
343;200;76;42
344;2000;7;43
345;400;75;43
346;25;4;44
347;250;7;44
348;80;3;44
349;10;52;44
350;5;48;44
351;40;65;44
352;200;32;44
353;20;8;44
354;400;9;45
355;200;26;45
356;400;19;45
357;200;77;45
358;100;4;45
359;50;14;45
360;5;48;45
361;2;21;45
362;500;25;45
363;500;7;45
364;600;2;45
365;5;48;46
366;50;8;46
367;80;65;46
368;75;4;46
369;800;7;46
370;400;64;46
371;500;10;47
372;60;65;47
373;380;78;47
374;50;39;47
375;60;8;47
376;70;3;47
377;300;19;47
378;70;4;47
379;350;64;47
380;5000;7;47
381;3000;7;48
382;60;8;48
383;15;6;48
384;70;3;48
385;50;4;48
386;250;70;48
387;400;2;48
388;400;79;48
389;250;19;49
390;100;4;49
391;150;80;49
392;10;81;49
393;2000;7;49
394;250;64;49
395;300;2;49
396;200;26;49
397;50;77;49
398;3000;7;50
399;50;65;50
400;20;14;50
401;60;8;50
402;250;9;50
403;50;4;50
404;50;3;50
405;300;2;50
406;500;82;50
407;500;10;50
408;500;16;51
409;500;2;51
410;100;4;51
411;2000;7;51
412;100;14;51
413;5;83;52
414;400;22;52
415;220;84;52
416;200;21;52
417;70;4;52
418;1000;15;52
419;750;7;52
420;300;85;53
421;80;4;53
422;100;26;53
423;50;4;53
424;1000;7;53
425;20;14;53
426;10;48;54
427;1000;7;54
428;20;65;54
429;230;2;54
430;182;1;54
431;200;1;54
432;120;5;54
433;40;8;54
434;85;21;54
435;85;3;54
436;85;4;54
437;30;14;54
438;5;86;54
439;30;87;55
440;10;4;55
441;60;64;55
442;70;82;55
443;4;88;55
444;3000;7;56
445;50;4;56
446;100;3;56
447;300;26;56
448;300;89;56
449;300;12;56
450;450;2;56
451;100;80;57
452;5;48;57
453;68;19;57
454;10;14;57
455;350;7;57
456;110;26;57
457;270;25;57
458;25;4;57
459;55;89;57
460;3;52;58
461;3;48;58
462;10;8;58
463;5;11;58
464;1000;47;58
465;50;13;58
466;100;32;58
467;350;90;58
468;15;4;58
469;300;12;59
470;50;91;59
471;100;4;59
472;100;3;59
473;100;2;59
474;4;11;59
475;20;8;59
476;30;14;59
477;5;48;59
478;3;21;59
479;1000;7;59
480;15;14;60
481;10;48;60
482;10;34;60
483;40;8;60
484;600;7;60
485;70;4;60
486;200;2;60
487;80;3;60
488;400;92;60
489;300;2;61
490;100;3;61
491;70;4;61
492;300;4;61
493;10;65;61
494;500;7;61
495;200;93;61
496;3;34;61
497;3;24;61
498;10;11;61
499;5;40;61
500;20;8;61
501;3;48;61
502;3;21;61
503;3;83;61
504;5;6;61
505;5;4;61
506;60;5;61
507;5;48;62
508;5;21;62
509;10;6;62
510;40;8;62
511;50;65;62
512;10;50;62
513;120;3;62
514;140;5;62
515;190;42;62
516;800;7;62
517;400;74;63
518;250;2;63
519;80;3;63
520;100;4;63
521;200;19;63
522;150;80;63
523;100;26;63
524;20;94;63
525;30;14;63
526;10;52;63
527;5;48;63
528;100;77;63
529;1500;95;63
530;1000;7;64
531;260;2;64
532;380;0;64
533;60;4;64
534;15;8;64
535;50;26;65
536;100;29;65
537;100;3;65
538;106;4;65
539;410;15;65
540;2000;7;65
541;200;96;66
542;200;89;66
543;2000;95;66
544;30;40;66
545;150;19;66
546;20;97;66
547;50;14;66
548;200;98;66
549;120;99;67
550;80;19;67
551;5;8;67
552;4;11;67
553;2;48;67
554;2;21;67
555;100;7;67
556;10;48;68
557;60;88;68
558;5;21;68
559;400;100;68
560;300;10;68
561;50;14;68
562;50;4;68
563;1000;47;68
564;400;101;68
565;30;102;68
566;250;1;69
567;150;4;69
568;100;31;69
569;20;8;69
570;250;30;69
571;5;48;69
572;3;21;69
573;150;3;70
574;100;4;70
575;2000;7;70
576;500;1;70
577;200;10;70
578;400;2;70
579;100;30;70
580;220;31;70
581;30;80;71
582;10;68;71
583;300;1;71
584;30;4;71
585;50;6;71
586;30;32;71
587;30;14;71
588;400;7;71
589;6;48;71
590;4;21;71
591;50;50;71
592;100;50;71
593;6;6;72
594;75;3;72
595;6;14;72
596;1000;15;72
597;1500;7;72
598;40;4;72
599;2;48;72
600;75;3;73
601;400;2;73
602;200;10;73
603;1500;7;73
604;200;20;73
605;75;4;73
606;100;8;73
607;200;40;73
608;10;11;73
609;6;14;73
610;6;6;73
611;2;21;73
612;2;48;73
613;3;48;74
614;5;14;74
615;6;4;74
616;100;4;74
617;400;2;74
618;200;93;74
619;1500;7;74
620;50;37;74
621;300;104;75
622;120;52;75
623;2000;7;75
624;100;105;75
625;200;26;76
626;200;2;76
627;200;14;76
628;800;25;76
629;5;48;76
630;2;21;76
631;200;21;76
632;80;50;77
633;90;3;77
634;150;1;77
635;100;37;77
636;120;5;77
637;1200;7;77
638;150;7;77
639;5;52;77
640;45;8;77
641;100;96;77
642;10;48;77
643;10;14;78
644;30;8;78
645;1000;7;78
646;200;2;78
647;150;3;78
648;500;10;78
649;150;23;78
650;25;52;79
651;20;81;79
652;50;65;79
653;150;4;79
654;50;14;79
655;200;10;79
656;300;9;79
657;1500;7;79
658;200;7;79
659;10;14;80
660;300;2;80
661;3;106;80
662;20;48;80
663;10;52;80
664;10;11;80
665;100;65;80
666;60;50;80
667;100;4;80
668;100;3;80
669;500;10;80
670;50;63;80
671;3000;7;80
672;2;51;81
673;3;48;81
674;3;21;81
675;1;4;81
676;2;14;81
677;3;6;81
678;75;3;81
679;150;4;81
680;150;107;81
681;700;7;81
682;2;21;82
683;100;20;82
684;500;0;82
685;75;4;82
686;160;31;82
687;3;48;82
688;1500;7;82
689;80;3;82
690;1;14;82
691;1;6;82
692;300;1;83
693;3000;7;83
694;10;34;83
695;10;48;83
696;100;4;83
697;250;32;83
698;100;3;83
699;300;12;83
700;150;30;84
701;70;108;84
702;3;109;85
703;500;7;85
704;5;8;85
705;60;4;85
706;250;53;85
707;100;12;85
708;70;30;86
709;40;3;86
710;400;70;86
711;400;2;86
712;2000;47;86
713;50;4;87
714;50;110;87
715;150;2;87
716;1500;47;87
717;1000;25;88
718;30;14;88
719;300;2;88
720;100;77;88
721;600;19;88
722;450;12;88
723;30;4;88
724;150;26;88
725;100;25;89
726;40;19;89
727;70;111;89
728;40;50;89
729;100;7;90
730;10;4;90
731;25;3;90
732;25;2;90
733;63;12;90
734;100;19;91
735;350;112;91
736;1000;7;91
737;100;21;91
738;200;2;91
739;50;0;91
740;50;90;91
741;25;65;91
742;1;51;91
743;10;4;91
744;30;40;91
745;150;3;92
746;30;4;92
747;45;11;92
748;220;22;92
749;400;12;92
750;90;5;92
751;200;7;93
752;100;20;93
753;600;113;94
754;500;2;94
755;300;5;94
756;120;4;94
757;150;3;94
758;500;72;94
759;30;8;94
760;2;21;95
761;5;11;95
762;2;48;95
763;100;7;95
764;20;8;95
765;100;10;95
766;70;4;95
767;38;3;95
768;600;1;95
769;2;14;95
770;2;6;95
771;5;21;96
772;5;48;96
773;245;7;96
774;40;4;96
775;100;2;96
776;100;69;96
777;5;51;96
778;50;7;97
779;25;20;97
780;200;30;97
781;5;52;97
782;10;8;97
783;2200;7;98
784;100;4;98
785;100;3;98
786;100;50;98
787;400;10;99
788;400;1;99
789;230;21;99
790;500;5;99
791;200;3;99
792;230;4;99
793;300;9;99
794;3000;7;99
795;10;6;99
796;50;8;99
797;4;48;99
798;3;21;99
799;15;11;99
800;1000;47;100
801;400;9;100
802;200;72;100
803;100;3;100
804;100;31;100
805;50;65;100
806;50;27;100
807;100;4;100
808;10;11;100
809;500;114;101
810;300;42;101
811;500;47;101
812;50;65;101
813;270;5;101
814;150;4;101
815;20;11;101
816;230;21;101
817;20;21;101
818;5;115;101
819;5;116;101
820;3000;7;102
821;300;69;102
822;1;116;102
823;1;115;102
824;75;3;102
825;300;2;102
826;100;21;102
827;65;5;102
828;80;4;102
829;200;4;102
830;5;48;102
831;5;11;102
832;300;82;102
833;550;2;103
834;550;18;103
835;550;72;103
836;45;8;103
837;5;48;103
838;400;19;104
839;550;99;104
840;20;14;104
841;2;11;104
842;2;48;104
843;450;7;104
844;10;8;104
845;500;9;105
846;500;2;105
847;80;3;105
848;150;4;105
849;2;11;105
850;5;48;105
851;1;21;105
852;1000;47;105
853;300;72;105
854;10;8;105
855;150;31;106
856;400;3;106
857;250;4;106
858;17;8;106
859;1000;47;106
860;3;48;106
861;1;21;106
862;10;6;106
863;1000;7;107
864;500;76;107
865;250;2;107
866;200;72;107
867;100;4;107
868;80;3;107
869;3;48;107
870;1;21;107
871;1;51;107
872;40;4;107
873;20;14;107
874;200;2;108
875;150;19;108
876;80;4;108
877;500;76;108
878;2000;7;108
879;20;65;108
880;100;13;108
881;80;3;108
882;10;8;108
883;1;48;108
884;1;21;108
885;1000;82;109
886;68;8;109
887;100;4;109
888;20;83;109
889;1;21;109
890;50;29;109
891;100;117;109
892;1500;47;109
893;150;3;109
894;150;118;109
895;200;0;109
896;200;21;109
897;100;23;109
898;100;119;109
899;75;65;109
900;25;52;109
901;1;48;109
902;1;21;109
903;250;42;110
904;2000;7;110
905;80;4;110
906;120;28;110
907;17;8;110
908;1;48;110
909;1;21;110
910;1;83;110
911;1;120;110
912;240;26;110
913;500;40;111
914;280;21;111
915;280;19;111
916;140;4;111
917;2;11;111
918;80;8;111
919;50;40;111
920;1;88;111
921;150;53;112
922;70;50;112
923;120;3;112
924;150;32;112
925;10;8;112
926;1000;7;112
927;5;40;112
928;5;48;112
929;3;68;112
930;3;24;112
931;3;83;112
932;50;20;113
933;200;7;113
934;1;48;113
935;3;52;113
936;300;53;114
937;200;2;114
938;100;3;114
939;40;8;114
940;70;23;114
941;500;7;114
942;120;31;114
943;10;14;114
944;5;48;114
945;2;21;114
946;250;74;115
947;300;2;115
948;100;20;115
949;120;3;115
950;210;19;115
951;120;4;115
952;2500;7;115
953;500;121;115
954;40;8;115
955;3;51;115
956;500;82;116
957;250;82;116
958;5000;7;116
959;50;65;116
960;200;3;116
961;200;4;116
962;150;21;116
963;50;8;116
964;1500;7;117
965;200;2;117
966;75;4;117
967;150;10;117
968;70;3;117
969;100;89;117
970;50;122;117
971;65;8;117
972;140;26;117
973;1000;5;118
974;400;47;118
975;15;8;118
976;30;11;118
977;5;52;118
978;2;21;118
979;5;48;118
980;1500;7;119
981;200;2;119
982;200;10;119
983;30;89;119
984;125;123;119
985;150;19;119
986;100;121;119
987;60;8;119
988;70;4;119
989;70;3;119
990;50;65;119
991;50;39;119
992;200;2;120
993;120;20;120
994;75;3;120
995;50;8;120
996;70;50;120
997;1500;7;120
998;70;4;120
999;7;48;120
1000;2;21;120
1001;200;74;121
1002;200;124;121
1003;400;2;121
1004;120;3;121
1005;120;4;121
1006;70;20;121
1007;45;8;121
1008;2;51;121
1009;3000;7;121
1010;7;48;121
1011;2;21;121
1012;200;9;122
1013;60;125;122
1014;250;95;122
1015;180;19;122
1016;500;126;122
1017;50;4;122
1018;50;14;122
1019;185;26;122
1020;200;92;123
1021;80;4;123
1022;75;3;123
1023;1000;47;123
1024;50;8;123
1025;100;72;123
1026;5;48;123
1027;3;21;123
1028;500;41;124
1029;750;47;124
1030;300;2;124
1031;70;4;124
1032;50;29;124
1033;7;48;124
1034;2;21;124
1035;15;6;124
1036;750;127;125
1037;250;117;125
1038;500;7;125
1039;30;128;125
1040;250;72;125
1041;1000;47;126
1042;500;0;126
1043;50;8;126
1044;10;29;126
1045;75;4;126
1046;250;72;126
1047;90;26;126
1048;3;48;126
1049;30;6;126
1050;700;30;127
1051;180;37;127
1052;20;52;127
1053;3;48;127
1054;25;8;127
1055;2;129;127
1056;500;69;128
1057;1000;7;128
1058;800;37;128
1059;85;3;128
1060;80;4;128
1061;180;5;128
1062;120;21;128
1063;45;8;128
1064;40;65;128
1065;30;11;128
1066;15;6;128
1067;15;14;128
1068;7;48;128
1069;1300;7;129
1070;150;22;129
1071;180;2;129
1072;160;5;129
1073;50;65;129
1074;15;11;129
1075;70;4;129
1076;200;21;129
1077;350;82;129
1078;40;21;129
1079;45;8;129
1080;30;6;129
1081;10;48;129
1082;10;48;130
1083;20;52;130
1084;100;13;130
1085;100;20;130
1086;120;7;130
1087;900;30;130
1088;1500;47;131
1089;250;9;131
1090;185;9;131
1091;40;65;131
1092;100;2;131
1093;80;3;131
1094;80;4;131
1095;45;8;131
1096;5;6;131
1097;10;48;131
1098;20;14;131
1099;50;4;132
1100;400;12;132
1101;300;2;132
1102;150;3;132
1103;2500;7;132
1104;100;20;132
1105;20;48;132
1106;2;21;132
1107;3;51;132
1108;5;52;133
1109;3;8;133
1110;150;30;133
1111;200;7;133
1112;50;20;133
1113;1;48;133
1114;100;26;133
1115;5;8;133
1116;300;53;134
1117;40;8;134
1118;300;72;134
1119;2;68;134
1120;2;54;134
1121;30;109;134
1122;3;48;134
1123;500;47;135
1124;250;0;135
1125;75;4;135
1126;40;8;135
1127;150;130;135
1128;250;72;135
1129;70;31;135
1130;2;21;135
1131;3;48;135
1132;150;48;136
1133;150;96;136
1134;150;72;136
1135;250;7;136
1136;50;8;136
1137;2;21;136
1138;4;48;136
1139;50;31;136
1140;90;26;137
1141;20;26;137
1142;20;6;137
1143;2;48;137
1144;300;47;137
1145;100;4;138
1146;5000;7;138
1147;1500;15;138
1148;350;20;138
1149;50;8;138
1150;200;3;138
1151;500;1;139
1152;65;4;139
1153;100;5;139
1154;200;72;139
1155;40;8;139
1156;15;6;139
1157;1;21;139
1158;5;48;139
1159;700;47;139
1160;100;120;140
1161;2;116;140
1162;40;8;140
1163;5;11;140
1164;80;5;140
1165;90;4;140
1166;70;3;140
1167;40;22;140
1168;300;9;140
1169;2;131;140
1170;2;120;140
1171;1;21;140
1172;1;51;140
1173;5;132;140
1174;10;88;141
1175;5;48;141
1176;5;65;141
1177;2;34;141
1178;2;21;141
1179;50;50;141
1180;2;116;141
1181;2;133;141
1182;50;10;141
1183;50;10;141
1184;50;22;141
1185;80;3;141
1186;100;4;141
1187;200;134;141
1188;50;135;142
1189;20;136;142
1190;20;65;142
1191;50;1;142
1192;2;21;142
1193;2;120;142
1194;50;3;142
1195;50;10;142
1196;50;10;142
1197;2000;47;143
1198;250;82;143
1199;500;9;143
1200;500;2;143
1201;70;4;143
1202;90;3;143
1203;10;11;143
1204;30;65;143
1205;30;8;143
1206;100;64;143
1207;1;21;143
1208;10;48;143
1209;3000;47;144
1210;300;64;144
1211;450;2;144
1212;1000;10;144
1213;75;3;144
1214;60;4;144
1215;100;20;144
1216;30;65;144
1217;100;65;144
1218;1;21;144
1219;50;20;145
1220;125;7;145
1221;3;48;145
1222;150;7;146
1223;100;38;146
1224;36;11;146
1225;150;72;146
1226;50;31;146
1227;150;3;146
1228;100;21;146
1229;200;1;146
1230;100;4;146
1231;200;10;146
1232;30;4;147
1233;20;14;147
1234;50;19;147
1235;50;26;147
1236;500;7;147
1237;150;89;147
1238;240;137;148
1239;300;19;148
1240;350;7;148
1241;150;80;148
1242;30;40;148
1243;10;4;148
1244;10;14;148
1245;10;14;148
1246;5;48;148
1247;1000;7;149
1248;150;11;149
1249;65;4;149
1250;20;8;149
1251;100;72;149
1252;7;48;149
1253;1000;7;150
1254;200;121;150
1255;200;2;150
1256;75;3;150
1257;65;4;150
1258;50;138;150
1259;160;19;150
1260;30;8;150
1261;15;11;150
1262;2;21;150
1263;300;139;151
1264;100;140;151
1265;350;19;151
1266;85;4;151
1267;50;65;151
1268;180;123;151
1269;30;8;151
1270;50;39;151
1271;1;51;151
1272;5;48;151
1273;1;21;151
1274;1500;7;151
1275;200;121;151
1276;1500;47;152
1277;400;22;152
1278;120;139;152
1279;75;3;152
1280;65;4;152
1281;30;8;152
1282;7;11;152
1283;1;141;152
1284;5;48;152
1285;20;6;152
1286;500;142;153
1287;150;31;153
1288;150;31;153
1289;150;118;153
1290;65;4;153
1291;100;143;153
1292;30;8;153
1293;1;83;153
1294;1;21;153
1295;2;48;153
1296;35;28;154
1297;15;4;154
1298;100;14;154
1299;50;10;154
1300;100;26;154
1301;150;2;154
1302;70;5;154
1303;66;19;154
1304;70;99;154
1305;250;5;155
1306;300;21;155
1307;65;4;155
1308;15;11;155
1309;60;8;155
1310;1;21;155
1311;1;144;155
1312;7;48;155
1313;1;52;155
1314;1000;7;155
1315;1000;7;156
1316;500;3;156
1317;65;4;156
1318;150;145;156
1319;45;8;156
1320;15;11;156
1321;15;68;156
1322;7;48;156
1323;50;80;157
1324;3;21;157
1325;3;48;157
1326;10;8;157
1327;1000;47;157
1328;300;146;157
1329;100;4;157
1330;100;3;157
1331;500;99;158
1332;250;7;158
1333;240;19;158
1334;15;11;158
1335;50;27;158
1336;30;8;158
1337;20;6;158
1338;20;14;158
1339;20;14;158
1340;1;21;158
1341;2;48;158
1342;1500;47;159
1343;300;89;159
1344;75;3;159
1345;65;4;159
1346;30;8;159
1347;250;26;159
1348;5;48;159
1349;200;114;160
1350;50;13;160
1351;300;2;160
1352;65;4;160
1353;75;3;160
1354;120;21;160
1355;30;8;160
1356;60;99;160
1357;60;29;160
1358;20;6;160
1359;1;21;160
1360;7;48;160
1361;1700;7;160
1362;400;147;161
1363;300;5;161
1364;100;19;161
1365;120;21;161
1366;45;8;161
1367;30;40;161
1368;15;144;161
1369;1;21;161
1370;3;48;161
1371;150;48;162
1372;250;19;162
1373;200;21;162
1374;80;50;162
1375;15;40;162
1376;20;6;162
1377;15;8;162
1378;50;7;162
1379;25;28;162
1380;1;21;162
1381;3;48;162
1382;400;19;163
1383;360;19;163
1384;7;11;163
1385;500;99;163
1386;30;8;163
1387;20;6;163
1388;20;14;163
1389;1;48;163
1390;140;48;164
1391;400;127;164
1392;15;40;164
1393;20;128;164
1394;1;48;164
1395;200;10;165
1396;100;10;165
1397;75;3;165
1398;100;130;165
1399;75;4;165
1400;250;2;165
1401;20;8;165
1402;1;21;165
1403;5;48;165
1404;800;47;165
1405;20;47;166
1406;50;8;166
1407;400;148;166
1408;20;11;166
1409;800;46;166
1410;200;4;166
1411;50;68;166
1412;400;0;166
1413;1000;7;166
1414;250;1;166
1415;5;14;167
1416;5;48;167
1417;5;34;167
1418;3;59;167
1419;3;68;167
1420;400;21;167
1421;600;3;167
1422;30;8;167
1423;150;32;167
1424;200;149;167
1425;2000;7;167
1426;150;56;168
1427;21;8;168
1428;1500;7;168
1429;285;7;168
1430;450;1;168
1431;100;4;168
1432;100;26;169
1433;5;8;169
1434;30;4;169
1435;50;5;169
1436;100;22;169
1437;200;12;170
1438;10;48;170
1439;10;11;170
1440;10;14;170
1441;10;6;170
1442;5;8;170
1443;110;20;171
1444;250;7;171
1445;10;8;171
1446;20;52;171
1447;3;48;171
1448;250;30;171
1449;20;150;171
1450;20;151;171
1451;100;26;172
1452;50;21;172
1453;50;5;172
1454;50;4;172
1455;3;48;172
1456;3;21;172
1457;10;14;172
1458;5;8;172
1459;50;152;172
1460;50;138;173
1461;100;30;173
1462;30;30;173
1463;5;109;173
1464;100;153;173
1465;30;147;173
1466;100;25;174
1467;50;31;174
1468;160;29;174
1469;100;154;174
1470;50;19;174
1471;3;48;174
1472;3;155;174
1473;3;52;174
1474;10;8;174
1475;100;26;175
1476;30;80;175
1477;10;8;175
1478;60;28;175
1479;10;156;175
1480;3;48;175
1481;50;20;176
1482;200;7;176
1483;50;26;176
1484;20;8;176
1485;3;48;176
1486;5;14;176
1487;5;6;176
1488;50;20;177
1489;100;7;177
1490;100;30;177
1491;3;48;177
1492;400;114;178
1493;100;21;178
1494;50;4;178
1495;100;31;178
1496;50;26;178
1497;10;48;178
1498;200;4;179
1499;10;52;179
1500;5;8;179
1501;3;48;179
1502;250;152;180
1503;250;37;180
1504;200;23;180
1505;250;5;180
1506;100;80;180
1507;10;48;180
1508;50;87;180
1509;20;14;180
1510;250;29;181
1511;20;8;181
1512;200;7;181
1513;5;157;181
1514;10;48;181
1515;500;64;182
1516;250;25;182
1517;150;4;182
1518;50;4;182
1519;10;48;182
1520;5;21;182
1521;600;16;183
1522;80;31;183
1523;200;3;183
1524;200;4;183
1525;200;99;183
1526;500;21;184
1527;500;0;184
1528;50;123;184
1529;20;8;184
1530;200;87;184
1531;10;48;184
1532;3;21;184
1533;5;88;184
1534;400;7;185
1535;20;8;185
1536;8;48;185
1537;160;13;185
1538;600;35;186
1539;400;0;186
1540;50;8;186
1541;10;48;186
1542;3;21;186
1543;20;6;186
1544;100;72;186
1545;800;3;187
1546;150;30;187
1547;70;20;187
1548;50;26;187
1549;40;29;187
1550;5;8;187
1551;100;80;187
1552;10;48;187
1553;80;13;188
1554;200;50;188
1555;100;26;188
1556;100;38;188
1557;100;80;188
1558;10;48;188
1559;150;15;188
1560;800;2;189
1561;100;26;189
1562;50;29;189
1563;5;155;189
1564;50;8;189
1565;10;48;189
1566;200;80;189
1567;200;20;190
1568;200;30;190
1569;120;7;190
1570;320;153;190
1571;40;52;190
1572;100;26;190
1573;20;38;190
1574;3;8;190
1575;5;48;190
1576;80;99;190
1577;300;32;191
1578;150;65;191
1579;20;11;191
1580;10;11;191
1581;10;48;191
1582;600;7;191
1583;240;37;192
1584;500;7;192
1585;400;153;192
1586;50;26;192
1587;40;52;192
1588;20;8;192
1589;20;38;192
1590;20;80;192
1591;500;76;193
1592;150;4;193
1593;200;3;193
1594;10;8;193
1595;10;11;193
1596;50;65;193
1597;50;78;193
1598;3;21;193
1599;5;48;193
1600;10;14;193
1601;10;158;193
1602;600;112;194
1603;100;4;194
1604;3;21;194
1605;5;48;194
1606;10;14;194
1607;100;80;194
1608;20;8;194
1609;600;159;195
1610;40;29;195
1611;40;40;195
1612;40;72;195
1613;40;40;195
1614;25;160;195
1615;150;0;195
1616;3;21;195
1617;5;48;195
1618;600;161;196
1619;120;29;196
1620;50;6;196
1621;10;8;196
1622;5;48;196
1623;3;21;196
1624;600;161;197
1625;500;40;197
1626;5;48;197
1627;10;120;197
1628;400;64;198
1629;40;11;198
1630;10;8;198
1631;200;4;198
1632;10;52;198
1633;5;48;198
1634;3;21;198
1635;10;6;198
1636;500;35;199
1637;300;4;199
1638;40;29;199
1639;20;8;199
1640;200;80;199
1641;100;7;199
1642;10;52;199
1643;5;48;199
1644;3;21;199
1645;600;82;200
1646;500;7;200
1647;300;4;200
1648;10;8;200
1649;40;65;200
1650;600;10;200
1651;3;21;200
1652;3;48;200
1653;3;120;200
1654;50;80;200
1655;200;63;201
1656;300;4;201
1657;30;11;201
1658;20;8;201
1659;10;52;201
1660;3;21;201
1661;5;48;201
1662;400;15;201
1663;50;20;202
1664;400;30;202
1665;100;27;202
1666;20;52;202
1667;20;8;202
1668;100;26;202
1669;2;162;202
1670;300;163;202
1671;500;72;202
1672;100;5;203
1673;20;139;203
1674;20;29;203
1675;2;48;203
1676;2;21;203
1677;600;12;204
1678;20;8;204
1679;120;21;205
1680;120;5;205
1681;150;164;205
1682;30;31;205
1683;100;20;206
1684;50;4;206
1685;80;21;206
1686;80;5;206
1687;10;8;206
1688;3;48;206
1689;300;7;206
1690;5;165;207
1691;10;166;207
1692;5;11;207
1693;120;15;207
1694;1000;2;208
1695;20;8;208
1696;500;10;209
1697;300;5;209
1698;100;80;209
1699;10;8;209
1700;50;31;209
1701;200;167;210
1702;50;26;210
1703;10;29;210
1704;10;8;210
1705;400;5;211
1706;400;168;211
1707;10;40;211
1708;5;52;211
1709;5;8;211
1710;50;138;212
1711;100;169;212
1712;100;99;212
1713;10;170;212
1714;30;30;212
1715;50;26;212
1716;40;28;212
1717;150;7;212
1718;80;12;213
1719;100;0;213
1720;100;28;213
1721;5;8;213
1722;10;6;213
1723;20;31;213
1724;180;26;214
1725;100;33;214
1726;30;14;214
1727;80;5;214
1728;20;8;214
1729;40;31;214
1730;100;10;215
1731;100;114;215
1732;50;80;215
1733;40;100;216
1734;3;8;216
1735;40;7;216
1736;100;82;217
1737;50;10;217
1738;50;10;217
1739;50;3;217
1740;50;4;217
1741;100;5;217
1742;100;4;218
1743;120;37;218
1744;100;60;218
1745;50;72;218
1746;30;31;218
1747;5;8;218
1748;100;18;218
1749;120;7;218
1750;500;114;219
1751;600;53;219
1752;300;29;219
1753;200;26;219
1754;5;155;219
1755;3;8;219
1756;300;30;219
1757;20;80;219
1758;120;13;220
1759;400;10;220
1760;200;4;220
1761;200;3;220
1762;400;64;220
1763;5;8;220
1764;100;65;220
1765;10;105;220
1766;400;21;221
1767;400;82;221
1768;80;20;221
1769;100;4;221
1770;100;65;221
1771;5;105;221
1772;20;14;221
1773;300;53;222
1774;100;4;222
1775;100;3;222
1776;100;99;222
1777;30;14;222
1778;5;8;222
1779;3;48;222
1780;1;21;222
1781;1;21;222
1782;200;15;222
1783;150;113;223
1784;50;39;223
1785;10;6;223
1786;5;14;223
1787;100;28;224
1788;80;114;224
1789;10;87;224
1790;20;87;224
1791;10;4;224
1792;5;68;224
1793;3;11;224
1794;10;88;224
1795;500;7;225
1796;5;48;225
1797;200;171;225
1798;1800;1;226
1799;300;4;226
1800;300;3;226
1801;500;21;226
1802;1000;5;226
1803;35;8;226
1804;50;6;226
1805;50;6;226
1806;50;14;226
1807;30;11;226
1808;220;4;227
1809;110;3;227
1810;510;2;227
1811;400;0;227
1812;23;8;227
1813;200;7;227
1814;25;4;228
1815;1;48;228
1816;400;114;228
1817;1;21;228
1818;70;26;228
1819;20;8;228
1820;30;8;229
1821;100;21;229
1822;100;5;229
1823;200;1;229
1824;50;4;229
1825;10;14;230
1826;100;31;230
1827;50;72;230
1828;10;29;230
1829;120;4;230
1830;300;12;230
1831;10;8;230
1832;600;15;231
1833;300;1;231
1834;200;31;231
1835;100;99;231
1836;300;99;232
1837;1000;7;232
1838;5;48;232
1839;500;64;232
1840;450;32;232
1841;2;48;233
1842;100;4;233
1843;1;21;233
1844;800;2;233
1845;100;26;233
1846;300;7;233
1847;800;29;233
1848;2;48;234
1849;1000;2;234
1850;1;21;234
1851;400;31;234
1852;400;80;234
1853;20;8;234
1854;5;48;235
1855;150;31;235
1856;30;4;235
1857;15;11;235
1858;700;2;235
1859;700;15;235
1860;200;172;235
1861;30;172;236
1862;100;25;236
1863;150;153;236
1864;100;80;237
1865;5;48;237
1866;15;8;237
1867;5;21;237
1868;70;21;237
1869;120;3;237
1870;80;4;237
1871;1200;1;237
1872;150;13;237
1873;250;64;237
1874;250;82;237
1875;93;23;238
1876;5;94;238
1877;100;91;238
1878;150;25;238
1879;30;4;238
1880;100;19;238
1881;100;12;238
1882;200;2;239
1883;100;15;239
1884;200;15;240
1885;500;112;240
1886;300;2;240
1887;34;40;240
1888;48;26;240
1889;25;105;240
1890;3;48;240
1891;450;0;241
1892;400;22;241
1893;3;48;241
1894;20;8;241
1895;240;42;241
1896;30;4;241
1897;7;11;241
1898;374;3;242
1899;800;7;242
1900;410;12;242
1901;400;13;242
1902;238;4;242
1903;80;8;242
1904;50;3;243
1905;5;11;243
1906;63;4;243
1907;310;0;243
1908;890;2;243
1909;800;12;244
1910;100;4;244
1911;200;2;244
1912;10;48;244
1913;400;15;245
1914;150;4;245
1915;200;111;245
1916;800;10;245
1917;1;51;245
1918;1;21;245
1919;5;48;245
1920;10;11;245
1921;20;8;246
1922;300;22;246
1923;70;65;246
1924;30;11;246
1925;140;21;246
1926;95;4;246
1927;370;3;246
1928;325;7;246
1929;30;29;247
1930;40;8;247
1931;500;2;247
1932;30;8;247
1933;110;26;247
1934;100;173;248
1935;30;80;248
1936;20;31;248
1937;50;154;248
1938;30;4;248
1939;40;8;249
1940;5;21;249
1941;5;11;249
1942;10;48;249
1943;1000;2;249
1944;10;8;250
1945;200;8;250
1946;600;49;250
1947;4;48;250
1948;2;21;250
1949;150;3;250
1950;1000;114;251
1951;5;11;251
1952;100;65;251
1953;10;21;251
1954;10;48;251
1955;100;7;251
1956;100;4;251
1957;140;26;251
1958;15;8;252
1959;20;30;252
1960;45;174;252
1961;15;48;252
1962;65;26;252
1963;260;74;252
1964;120;175;252
1965;280;4;252
1966;150;11;252
1967;180;2;252
1968;800;114;252
1969;850;10;253
1970;30;65;253
1971;40;8;253
1972;150;13;253
1973;150;3;253
1974;60;4;253
1975;300;0;253
1976;575;35;254
1977;730;1;254
1978;5;8;254
1979;110;4;254
1980;50;29;254
1981;100;91;254
1982;3;14;255
1983;5;48;255
1984;3;21;255
1985;90;105;255
1986;75;172;255
1987;500;12;255
1988;50;8;255
1989;50;26;255
1990;150;4;255
1991;100;10;256
1992;25;4;256
1993;30;31;256
1994;50;176;256
1995;100;176;256
1996;20;80;256
1997;700;10;257
1998;50;3;257
1999;50;4;257
2000;50;8;257
2001;50;8;258
2002;600;82;258
2003;800;7;258
2004;300;3;258
2005;300;2;258
2006;70;4;258
2007;15;29;258
2008;3;21;258
2009;3;27;258
2010;30;8;259
2011;1000;7;259
2012;350;37;259
2013;800;13;260
2014;180;26;260
2015;250;154;260
2016;200;31;260
2017;50;80;260
2018;120;5;260
2019;150;31;261
2020;200;72;261
2021;45;26;261
2022;20;11;261
2023;120;4;261
2024;500;15;261
2025;40;138;262
2026;107;26;262
2027;100;30;262
2028;400;10;262
2029;27;8;262
2030;100;0;262
2031;53;31;262
2032;200;7;262
2033;300;64;263
2034;300;7;263
2035;6;8;263
2036;201;4;263
2037;100;5;263
2038;100;21;263
2039;50;3;263
2040;150;80;263
2041;400;1;264
2042;50;26;264
2043;100;29;264
2044;60;8;264
2045;500;22;265
2046;50;3;265
2047;50;4;265
2048;45;8;266
2049;170;4;266
2050;450;3;266
2051;930;9;266
2052;20;7;267
2053;50;28;267
2054;280;26;267
2055;15;4;267
2056;50;30;267
2057;3;11;267
2058;1000;114;267
2059;10;8;268
2060;2;48;268
2061;10;52;268
2062;150;30;268
2063;80;177;268
2064;100;7;268
2065;60;63;268
2066;150;53;268
2067;10;48;269
2068;100;7;269
2069;50;8;269
2070;400;4;269
2071;400;3;269
2072;700;10;269
2073;3;58;269
2074;1;51;269
2075;3;21;269
2076;30;14;270
2077;300;0;270
2078;200;4;270
2079;200;80;270
2080;30;11;270
2081;100;26;270
2082;6;21;270
2083;50;8;270
2084;7;48;270
2085;30;38;270
2086;800;2;270
2087;100;4;271
2088;250;12;271
2089;50;8;271
2090;250;22;271
2091;100;5;271
2092;50;21;271
2093;15;8;272
2094;5;48;272
2095;30;4;272
2096;150;178;272
2097;400;178;272
2098;300;0;273
2099;200;20;273
2100;400;7;273
2101;20;11;273
2102;1800;101;273
2103;10;68;274
2104;20;105;274
2105;300;142;274
2106;20;40;274
2107;5;48;274
2108;20;8;274
2109;5;52;274
2110;10;14;274
2111;3;21;274
2112;75;4;274
2113;500;82;274
2114;250;5;274
2115;200;13;275
2116;300;7;275
2117;200;3;275
2118;200;0;275
2119;20;11;275
2120;50;8;275
2121;180;20;276
2122;400;7;276
2123;30;170;276
2124;60;151;276
2125;5;179;276
2126;500;2;277
2127;100;3;277
2128;150;180;277
2129;150;50;277
2130;30;14;277
2131;20;11;277
2132;50;8;277
2133;10;48;277
2134;4;21;277
2135;500;3;278
2136;10;11;278
2137;20;8;278
2138;5;21;278
2139;5;48;278
2140;720;180;279
2141;20;8;279
2142;35;170;279
2143;200;117;279
2144;2;48;279
2145;3;21;279
2146;100;92;280
2147;100;181;280
2148;100;23;280
2149;100;31;280
2150;200;29;280
2151;300;25;280
2152;150;13;280
2153;300;26;280
2154;300;0;280
2155;180;19;281
2156;8;48;281
2157;6;21;281
2158;20;172;281
2159;5;68;281
2160;25;6;281
2161;6;11;281
2162;50;80;281
2163;100;29;281
2164;30;31;281
2165;55;4;281
2166;100;2;281
2167;150;20;281
2168;3;48;282
2169;10;6;282
2170;3;21;282
2171;20;8;282
2172;200;15;282
2173;150;26;282
2174;45;174;282
2175;50;30;282
2176;50;4;283
2177;150;30;283
2178;100;8;283
2179;5;48;283
2180;800;2;283
2181;100;80;284
2182;3;21;284
2183;2;51;284
2184;200;114;284
2185;3;48;284
2186;200;29;284
2187;120;7;284
2188;150;26;284
2189;20;14;284
2190;120;182;285
2191;8;48;285
2192;100;8;285
2193;100;8;285
2194;350;0;285
2195;15;29;285
2196;250;117;285
2197;250;183;285
2198;50;31;286
2199;200;21;286
2200;100;80;286
2201;200;3;286
2202;200;4;286
2203;200;184;286
2204;5;8;286
2205;100;20;287
2206;400;7;287
2207;200;111;287
2208;20;8;287
2209;5;48;288
2210;1000;49;288
2211;5;21;288
2212;150;3;288
2213;85;4;288
2214;50;8;288
2215;1000;7;288
2216;4;48;289
2217;400;185;289
2218;400;178;289
2219;1000;114;290
2220;20;158;290
2221;6;21;290
2222;175;21;290
2223;12;11;290
2224;50;11;290
2225;120;31;290
2226;9;120;290
2227;15;48;290
2228;175;21;290
2229;100;21;290
2230;45;4;290
2231;5;88;290
2232;20;8;290
2233;300;8;291
2234;300;22;291
2235;150;3;291
2236;130;4;291
2237;1500;55;292
2238;150;29;292
2239;100;8;292
2240;10;48;292
2241;180;4;292
2242;200;148;292
2243;20;80;292
2244;10;58;292
2245;3;48;293
2246;5;8;293
2247;50;6;293
2248;3;21;293
2249;100;31;293
2250;200;171;293
2251;400;7;293
2252;100;3;294
2253;1200;7;294
2254;1000;186;294
2255;300;4;294
2256;100;50;294
2257;30;72;294
2258;200;0;294
2259;50;160;294
2260;50;14;294
2261;100;8;294
2262;30;29;294
2263;1000;187;295
2264;100;29;295
2265;6;48;295
2266;100;8;295
2267;180;4;295
2268;180;4;296
2269;10;58;296
2270;6;48;296
2271;75;29;296
2272;100;8;296
2273;1000;188;296
2274;650;93;297
2275;5;48;297
2276;5;21;297
2277;50;38;297
2278;30;8;297
2279;55;26;297
2280;40;28;297
2281;100;4;297
2282;25;11;297
2283;500;114;298
2284;60;13;298
2285;100;4;298
2286;100;3;298
2287;50;8;298
2288;500;7;298
2289;50;26;298
2290;40;65;298
2291;40;80;298
2292;50;8;299
2293;100;189;299
2294;150;151;299
2295;750;7;299
2296;100;7;299
2297;100;150;299
2298;300;13;299
2299;20;52;299
2300;100;26;299
2301;50;29;299
2302;2;21;300
2303;3;48;300
2304;50;80;300
2305;50;26;300
2306;150;4;300
2307;300;71;300
2308;600;71;301
2309;7;11;301
2310;50;8;301
2311;3;48;301
2312;30;6;301
2313;15;8;302
2314;250;4;302
2315;120;28;302
2316;20;94;302
2317;5;48;302
2318;3;21;302
2319;350;64;302
2320;150;7;302
2321;150;142;302
2322;100;8;303
2323;400;7;303
2324;300;49;303
2325;1;48;303
2326;1;21;303
2327;1;11;303
2328;50;4;303
2329;150;10;304
2330;18;8;304
2331;30;4;304
2332;30;90;304
2333;3;48;304
2334;1;83;304
2335;1;4;304
2336;1;50;304
2337;1;34;304
2338;1;6;304
2339;1;21;304
2340;1;3;304
2341;50;8;305
2342;6;48;305
2343;400;7;305
2344;200;4;305
2345;700;190;305
2346;800;2;305
2347;100;26;306
2348;18;8;306
2349;3;48;306
2350;10;14;306
2351;150;2;306
2352;10;30;306
2353;200;135;307
2354;20;74;307
2355;200;3;307
2356;100;4;307
2357;3;48;307
2358;20;88;307
2359;20;136;307
2360;10;8;307
2361;10;8;308
2362;100;4;308
2363;100;3;308
2364;300;191;308
2365;100;5;308
2366;5;48;308
2367;2;21;308
2368;4;21;309
2369;120;4;309
2370;250;7;309
2371;4;48;309
2372;1000;79;309
2373;20;14;310
2374;2;51;310
2375;5;86;310
2376;5;48;310
2377;30;8;310
2378;30;88;310
2379;10;11;310
2380;1000;192;310
2381;30;11;311
2382;5;158;311
2383;30;8;311
2384;1200;93;311
2385;10;48;312
2386;1500;7;312
2387;300;64;312
2388;10;14;313
2389;5;48;313
2390;100;7;313
2391;10;4;313
2392;100;4;313
2393;600;193;313
2394;30;8;313
2395;3;21;314
2396;2;48;314
2397;500;93;314
2398;5;48;315
2399;30;6;315
2400;2;144;315
2401;150;65;315
2402;400;0;315
2403;10;11;315
2404;100;4;315
2405;400;22;315
2406;500;114;315
2407;3;8;316
2408;3;48;316
2409;1;21;316
2410;2;11;316
2411;30;11;316
2412;140;20;316
2413;100;19;316
2414;120;5;316
2415;500;114;317
2416;100;4;317
2417;10;11;317
2418;300;22;317
2419;300;0;317
2420;100;65;317
2421;30;6;317
2422;3;144;317
2423;5;48;317
2424;200;37;317
2425;600;12;318
2426;5;8;318
2427;3;24;318
2428;2;27;318
2429;2;21;318
2430;3;48;318
2431;50;31;319
2432;50;164;319
2433;55;154;319
2434;100;6;320
2435;100;8;320
2436;1;21;320
2437;600;2;320
2438;200;111;320
2439;300;194;320
2440;1500;195;320
2441;400;178;321
2442;20;8;321
2443;5;48;321
2444;500;7;321
2445;1500;15;322
2446;500;26;322
2447;150;3;322
2448;400;10;322
2449;400;2;322
2450;300;30;322
2451;5;48;322
2452;3;21;322
2453;400;26;323
2454;400;30;323
2455;80;20;323
2456;10;8;323
2457;100;80;323
2458;3;48;323
2459;300;25;324
2460;50;8;324
2461;5;155;324
2462;5;48;324
2463;10;52;324
2464;400;29;324
2465;400;82;324
2466;400;2;324
2467;150;4;324
2468;3;21;324
2469;3;116;324
2470;30;157;325
2471;500;30;325
2472;20;129;325
2473;5;48;325
2474;250;8;325
2475;1500;15;325
2476;1000;29;325
2477;200;4;325
2478;3;21;325
2479;50;26;325
2480;600;30;326
2481;30;157;326
2482;50;26;326
2483;5;48;326
2484;3;21;326
2485;600;29;326
2486;200;4;326
2487;1000;114;326
2488;200;7;326
2489;150;8;326
2490;4;48;327
2491;15;6;327
2492;70;21;327
2493;100;8;327
2494;50;40;327
2495;3;196;327
2496;200;197;327
2497;200;0;327
2498;5;14;327
2499;200;3;327
2500;600;76;327
2501;20;40;327
2502;15;21;327
2503;400;178;328
2504;20;8;328
2505;4;48;328
2506;700;7;328
2507;200;7;329
2508;500;29;329
2509;5;48;329
2510;400;64;329
2511;350;10;329
2512;50;6;329
2513;50;4;329
2514;10;11;329
2515;10;68;329
2516;40;88;329
2517;40;81;329
2518;20;8;329
2519;1;21;329
2520;1000;198;330
2521;200;142;330
2522;50;52;330
2523;50;88;330
2524;5;68;330
2525;5;54;330
2526;20;8;330
2527;5;6;330
2528;600;199;331
2529;50;105;331
2530;5;48;331
2531;50;4;331
2532;10;68;331
2533;100;65;331
2534;100;7;331
2535;20;81;331
2536;10;52;331
2537;10;27;331
2538;50;87;331
2539;200;5;332
2540;5;11;332
2541;80;172;332
2542;300;114;332
2543;100;30;332
2544;80;3;332
2545;150;4;332
2546;50;20;332
2547;60;29;332
2548;250;1;332
2549;100;26;332
2550;5;48;333
2551;500;200;333
2552;200;201;333
2553;150;4;333
2554;60;26;333
2555;250;30;334
2556;10;202;334
2557;2;203;334
2558;1;48;334
2559;1;162;334
2560;8;21;335
2561;75;4;335
2562;100;8;335
2563;250;7;335
2564;4;48;335
2565;700;198;335
2566;300;7;336
2567;5;48;336
2568;40;202;336
2569;600;35;336
2570;600;76;337
2571;10;68;337
2572;20;40;337
2573;20;88;337
2574;5;94;337
2575;20;170;337
2576;5;102;337
2577;500;29;338
2578;1000;153;338
2579;325;26;338
2580;20;129;338
2581;120;52;338
2582;15;48;338
2583;20;8;339
2584;150;139;339
2585;5;21;339
2586;7;48;339
2587;120;26;339
2588;300;37;339
2589;70;65;340
2590;600;4;340
2591;20;8;340
2592;300;3;340
2593;40;81;340
2594;600;192;340
2595;3;48;341
2596;50;172;341
2597;100;40;341
2598;1000;93;341
2599;100;8;341
2600;150;4;341
2601;10;48;342
2602;10;8;342
2603;50;6;342
2604;300;3;342
2605;100;31;342
2606;400;0;342
2607;200;5;342
2608;600;1;342
2609;50;4;342
2610;150;30;342
2611;130;153;343
2612;150;21;344
2613;10;8;344
2614;200;5;344
2615;10;11;344
2616;200;164;344
2617;1200;12;344
2618;15;52;345
2619;400;29;345
2620;150;26;345
2621;34;8;345
2622;250;181;345
2623;160;31;345
2624;550;30;345
2625;12;170;346
2626;170;7;346
2627;37;138;346
2628;6;27;346
2629;22;27;346
2630;4;48;347
2631;40;38;347
2632;25;8;347
2633;500;7;347
2634;100;26;347
2635;150;4;347
2636;400;114;347
2637;150;0;347
2638;20;48;348
2639;3;27;348
2640;500;204;348
2641;100;8;348
2642;100;12;349
2643;200;205;349
2644;3;48;350
2645;200;201;350
2646;55;26;350
2647;200;153;350
2648;5;52;350
2649;200;138;350
2650;5;14;351
2651;5;8;351
2652;1;48;351
2653;50;30;351
2654;100;26;351
2655;2;21;352
2656;10;14;352
2657;13;8;352
2658;3;48;352
2659;117;26;352
2660;500;7;353
2661;30;29;353
2662;200;42;353
2663;150;4;353
2664;150;138;353
2665;20;8;353
2666;400;98;354
2667;15;80;354
2668;30;8;355
2669;5;48;355
2670;400;178;355
2671;800;7;355
2672;700;12;356
2673;50;14;356
2674;50;29;356
2675;10;11;356
2676;15;8;356
2677;20;81;356
2678;200;72;357
2679;700;50;357
2680;400;7;357
2681;10;48;357
2682;10;11;357
2683;5;11;358
2684;150;8;358
2685;4;48;358
2686;300;0;358
2687;150;26;358
2688;200;28;358
2689;100;30;358
2690;75;4;358
2691;500;114;358
2692;50;26;358
2693;600;7;358
2694;2;21;359
2695;2;48;359
2696;20;26;359
2697;20;14;359
2698;20;8;359
2699;200;3;359
2700;100;4;359
2701;300;1;359
2702;200;53;359
2703;400;23;359
2704;1000;12;359
2705;10;6;360
2706;10;14;360
2707;10;11;360
2708;130;4;360
2709;300;90;360
2710;150;3;360
2711;300;206;360
2712;40;8;360
2713;800;159;361
2714;7;48;361
2715;5;21;361
2716;20;6;361
2717;200;4;361
2718;50;40;361
2719;30;8;361
2720;150;4;362
2721;500;7;362
2722;4;48;362
2723;1000;93;362
2724;6;11;363
2725;32;14;363
2726;840;12;363
2727;20;207;363
2728;282;153;363
2729;5;144;364
2730;10;11;364
2731;150;0;364
2732;10;14;364
2733;350;5;364
2734;25;21;364
2735;600;12;364
2736;6;14;365
2737;56;26;365
2738;44;91;365
2739;8;88;365
2740;46;91;366
2741;80;208;366
2742;25;58;366
2743;200;7;366
2744;300;12;366
2745;22;48;366
2746;5;21;367
2747;30;6;367
2748;94;26;367
2749;12;11;367
2750;75;4;367
2751;5;48;367
2752;40;29;367
2753;300;12;367
2754;300;65;368
2755;5;48;368
2756;20;29;368
2757;25;11;368
2758;15;8;368
2759;30;160;368
2760;150;30;368
2761;700;18;368
2762;15;8;369
2763;30;129;369
2764;10;48;369
2765;1000;30;369
2766;250;63;369
2767;1000;113;370
2768;200;145;370
2769;50;27;370
2770;50;31;370
2771;10;48;370
2772;30;14;370
2773;6;21;370
2774;75;3;371
2775;100;1;371
2776;100;2;371
2777;125;7;371
2778;5;48;371
2779;150;10;371
2780;70;4;371
2781;70;8;371
2782;3;21;371
2783;3;209;371
2784;2;51;371
2785;15;14;371
2786;15;4;371
2787;5;11;371
2788;30;90;371
2789;15;11;372
2790;3;6;372
2791;15;8;372
2792;100;4;372
2793;100;3;372
2794;200;1;372
2795;500;114;372
2796;15;8;373
2797;100;26;373
2798;600;30;373
2799;70;4;373
2800;500;168;373
2801;60;65;374
2802;40;88;374
2803;300;71;374
2804;200;50;374
2805;250;3;374
2806;100;4;374
2807;150;21;374
2808;40;8;374
2809;70;4;375
2810;37;88;375
2811;18;8;375
2812;380;12;375
2813;150;75;375
2814;410;46;375
2815;152;198;375
2816;15;4;375
2817;30;8;376
2818;260;26;376
2819;70;4;376
2820;100;5;376
2821;200;30;377
2822;200;7;377
2823;1500;2;377
2824;350;30;377
2825;30;8;378
2826;100;4;378
2827;500;210;378
2828;150;80;378
2829;300;1;378
2830;300;0;378
2831;400;82;379
2832;500;20;379
2833;1000;2;379
2834;150;3;379
2835;240;4;379
2836;100;4;379
2837;100;14;379
2838;250;26;379
2839;200;8;379
2840;50;17;379
2841;10;48;379
2842;1200;7;379
2843;600;7;380
2844;400;64;380
2845;200;3;380
2846;400;82;380
2847;200;4;380
2848;200;20;380
2849;100;8;381
2850;300;4;381
2851;300;3;381
2852;850;211;381
2853;160;26;382
2854;25;48;382
2855;500;82;382
2856;250;5;383
2857;150;21;383
2858;150;21;383
2859;18;11;383
2860;60;40;383
2861;15;21;383
2862;6;48;383
2863;10;4;383
2864;10;81;383
2865;20;8;383
2866;230;164;383
2867;1000;93;383
2868;15;6;383
2869;1000;55;384
2870;300;80;384
2871;20;8;385
2872;10;11;385
2873;5;48;385
2874;15;144;385
2875;390;90;385
2876;350;65;385
2877;5;14;386
2878;40;80;386
2879;5;48;386
2880;5;21;386
2881;300;167;386
2882;1;34;387
2883;1;14;387
2884;290;25;387
2885;330;0;387
2886;10;94;387
2887;374;49;387
2888;8;14;388
2889;5;48;388
2890;40;21;388
2891;50;0;388
2892;250;12;388
2893;10;48;389
2894;5;83;389
2895;50;26;389
2896;75;4;389
2897;115;10;389
2898;130;5;389
2899;30;138;389
2900;470;15;389
2901;300;18;390
2902;200;26;390
2903;500;153;390
2904;5;48;391
2905;600;7;391
2906;200;20;391
2907;20;8;392
2908;10;48;392
2909;800;7;392
2910;200;70;392
2911;10;39;393
2912;5;48;393
2913;300;212;393
2914;1;88;394
2915;1;14;394
2916;5;4;394
2917;120;26;394
2918;500;12;395
2919;100;4;395
2920;10;11;395
2921;200;90;395
2922;50;65;395
2923;5;144;395
2924;10;8;395
2925;112;5;396
2926;30;8;396
2927;230;35;396
2928;150;21;396
2929;55;3;396
2930;110;4;396
2931;5;48;396
2932;50;7;396
2933;10;8;397
2934;125;7;397
2935;200;29;397
2936;80;213;397
2937;6;157;397
2938;90;26;397
2939;1;48;397
2940;3;52;397
2941;50;31;397
2942;600;10;398
2943;200;7;398
2944;3;48;398
2945;50;8;398
2946;50;65;398
2947;50;4;398
2948;100;3;398
2949;300;93;399
2950;20;20;399
2951;20;29;399
2952;80;4;399
2953;50;26;399
2954;50;14;399
2955;20;8;399
2956;5;48;399
2957;3;21;399
2958;250;30;400
2959;5;48;400
2960;60;20;400
2961;10;48;401
2962;47;26;401
2963;50;26;402
2964;10;48;402
2965;4;48;403
2966;100;26;403
2967;200;1;403
2968;1000;15;403
2969;5;51;404
2970;5;21;404
2971;5;48;404
2972;1000;7;404
2973;200;167;404
2974;5;48;405
2975;100;18;405
2976;250;7;405
2977;20;11;406
2978;10;14;406
2979;200;5;406
2980;200;2;406
2981;300;93;406
2982;150;25;406
2983;8;8;407
2984;85;21;407
2985;130;5;407
2986;50;26;407
2987;50;31;407
2988;500;82;408
2989;500;2;408
2990;80;3;408
2991;150;50;408
2992;120;4;408
2993;10;11;408
2994;500;142;408
2995;20;8;408
2996;5;48;408
2997;3;21;408
2998;1000;43;409
2999;20;29;409
3000;200;117;409
3001;200;47;409
3002;15;6;409
3003;60;160;409
3004;80;72;409
3005;30;40;409
3006;300;0;409
3007;25;8;410
3008;70;4;410
3009;75;3;410
3010;1000;0;410
3011;800;168;411
3012;200;168;411
3013;50;8;411
3014;30;27;411
3015;10;11;411
3016;50;6;411
3017;50;40;411
3018;40;8;412
3019;15;48;412
3020;60;4;412
3021;600;2;412
3022;5;83;413
3023;5;115;413
3024;5;21;413
3025;5;48;413
3026;50;26;413
3027;100;30;413
3028;500;15;413
3029;5;21;414
3030;500;40;414
3031;5;48;414
3032;10;11;414
3033;30;105;414
3034;500;114;414
3035;100;4;414
3036;80;4;415
3037;5;83;415
3038;5;21;415
3039;7;11;415
3040;600;5;415
3041;500;186;415
3042;500;18;416
3043;10;116;416
3044;20;68;416
3045;10;214;416
3046;3;21;416
3047;3;24;416
3048;50;81;416
3049;12;11;416
3050;150;4;416
3051;600;5;416
3052;25;8;416
3053;400;1;417
3054;200;5;417
3055;80;4;417
3056;300;21;417
3057;150;26;417
3058;50;8;417
3059;40;81;417
3060;20;29;417
3061;20;11;417
3062;50;14;417
3063;500;4;418
3064;800;29;418
3065;200;7;418
3066;500;114;418
3067;500;2;419
3068;500;64;419
3069;100;64;419
3070;75;74;419
3071;200;4;419
3072;200;3;419
3073;40;8;419
3074;30;14;419
3075;50;88;419
3076;500;2;420
3077;50;153;420
3078;50;80;420
3079;80;4;420
3080;20;29;420
3081;20;14;420
3082;400;1;421
3083;300;22;421
3084;90;3;421
3085;300;10;421
3086;100;4;421
3087;500;2;421
3088;780;215;421
3089;200;21;421
3090;500;5;421
3091;5;21;421
3092;30;8;421
3093;10;11;421
3094;250;7;421
3095;40;20;422
3096;40;29;422
3097;50;26;422
3098;620;153;422
3099;2;48;423
3100;50;216;423
3101;50;8;423
3102;80;26;423
3103;50;29;423
3104;50;4;423
3105;150;96;423
3106;200;87;423
3107;26;29;424
3108;105;26;424
3109;25;170;424
3110;211;163;424
3111;753;153;424
3112;300;114;425
3113;300;114;425
3114;5;17;425
3115;170;30;425
3116;8;52;425
3117;250;7;425
3118;136;8;425
3119;8;48;425
3120;520;29;425
3121;90;4;425
3122;20;14;425
3123;160;5;426
3124;100;4;426
3125;17;8;426
3126;900;22;426
3127;5;8;427
3128;5;11;427
3129;10;138;427
3130;40;31;427
3131;250;1;427
3132;65;26;427
3133;20;8;428
3134;8;48;428
3135;200;0;428
3136;700;2;428
3137;40;38;428
3138;4;48;429
3139;4;217;429
3140;4;52;429
3141;50;29;429
3142;47;26;429
3143;150;23;429
3144;25;30;429
3145;15;8;429
3146;5;48;430
3147;500;7;430
3148;47;26;430
3149;500;30;430
3150;90;138;430
3151;20;52;430
3152;46;91;431
3153;47;26;431
3154;40;202;431
3155;60;218;431
3156;100;30;431
3157;3;217;431
3158;10;219;431
3159;50;153;431
3160;15;220;431
3161;10;52;431
3162;6;11;432
3163;125;207;432
3164;150;153;432
3165;100;4;432
3166;80;91;432
3167;60;26;432
3168;180;12;432
3169;200;0;432
3170;15;11;433
3171;25;172;433
3172;14;8;433
3173;60;29;433
3174;505;1;433
3175;200;30;434
3176;500;12;434
3177;1000;5;434
3178;100;4;434
3179;100;3;434
3180;700;21;434
3181;244;164;434
3182;274;1;434
3183;20;8;435
3184;5;48;435
3185;20;4;435
3186;300;74;435
3187;500;2;435
3188;150;221;436
3189;500;43;436
3190;400;37;437
3191;300;21;437
3192;100;130;437
3193;400;47;437
3194;20;144;437
3195;200;5;437
3196;60;31;437
3197;300;93;438
3198;30;40;438
3199;100;4;438
3200;70;4;438
3201;100;7;438
3202;200;80;438
3203;1000;2;439
3204;40;40;439
3205;30;83;439
3206;50;8;439
3207;5;48;439
3208;3;21;439
3209;300;3;440
3210;50;8;440
3211;500;82;440
3212;300;4;440
3213;500;222;440
3214;400;4;441
3215;50;8;441
3216;1000;124;441
3217;1000;64;442
3218;5;223;442
3219;198;26;443
3220;346.5;80;443
3221;1980;30;443
3222;19.8;48;443
3223;9.9;83;443
3224;5;8;444
3225;1500;7;444
3226;1;34;444
3227;1;21;444
3228;10;4;444
3229;5;14;444
3230;20;4;444
3231;50;3;444
3232;70;21;444
3233;200;2;444
3234;250;1;444
3235;463;12;445
3236;200;7;446
3237;100;65;446
3238;100;80;446
3239;500;114;446
3240;250;13;446
3241;100;8;446
3242;200;3;446
3243;200;4;446
3244;1500;1;446
3245;20;8;447
3246;1000;2;447
3247;200;10;448
3248;5;29;448
3249;50;26;448
3250;20;38;448
3251;20;8;448
3252;3;48;448
3253;500;1;449
3254;400;12;449
3255;200;99;449
3256;100;4;449
3257;50;14;449
3258;10;48;449
3259;2;21;449
3260;900;21;450
3261;300;114;450
3262;60;13;450
3263;200;80;450
3264;150;65;450
3265;200;3;450
3266;200;4;450
3267;12;11;450
3268;2000;74;451
3269;150;8;451
3270;350;4;451
3271;200;80;451
3272;3;116;452
3273;3;21;452
3274;5;21;452
3275;30;14;452
3276;100;31;452
3277;40;105;452
3278;50;26;452
3279;200;130;452
3280;300;21;452
3281;1000;93;452
3282;5;48;452
3283;150;21;453
3284;100;22;453
3285;10;11;453
3286;20;8;453
3287;100;93;453
3288;100;61;453
3289;100;224;453
3290;100;60;453
3291;200;13;453
3292;500;7;453
3293;3;24;453
3294;10;48;453
3295;250;0;454
3296;20;8;454
3297;100;80;454
3298;50;117;454
3299;30;31;454
3300;3;48;454
3301;3;21;454
3302;400;10;455
3303;100;26;455
3304;100;25;455
3305;5;48;455
3306;2;155;455
3307;1;21;455
3308;120;29;455
3309;20;8;455
3310;400;1;456
3311;200;114;456
3312;100;4;456
3313;100;21;456
3314;100;5;456
3315;100;31;456
3316;5;48;456
3317;2;21;456
3318;10;8;456
3319;1000;113;457
3320;50;40;457
3321;150;7;458
3322;65;26;458
3323;500;29;458
3324;300;4;458
3325;500;114;458
3326;2;48;459
3327;270;29;459
3328;20;81;459
3329;60;7;459
3330;1;21;459
3331;150;5;459
3332;10;11;459
3333;80;8;459
3334;5;14;459
3335;300;31;459
3336;100;1;460
3337;50;31;460
3338;270;21;460
3339;200;93;460
3340;60;26;461
3341;70;26;461
3342;150;30;461
3343;100;30;462
3344;60;26;462
3345;700;29;462
3346;500;114;462
3347;500;114;462
3348;300;7;462
3349;500;4;462
3350;150;7;463
3351;20;8;463
3352;250;173;463
3353;5;48;463
3354;50;4;463
3355;250;114;463
3356;100;3;463
3357;100;1;463
3358;150;10;463
3359;150;10;463
3360;400;10;464
3361;240;13;464
3362;2;48;464
3363;200;114;464
3364;100;114;464
3365;200;114;464
3366;2;21;464
3367;60;26;464
3368;50;8;464
3369;20;8;465
3370;20;14;465
3371;3;48;465
3372;50;29;465
3373;300;2;465
3374;750;29;466
3375;150;40;466
3376;150;40;466
3377;150;40;466
3378;800;114;466
3379;10;48;466
3380;300;7;466
3381;1800;182;467
3382;50;88;467
3383;20;102;467
3384;15;94;467
3385;40;170;467
3386;20;8;467
3387;5;21;467
3388;3;59;468
3389;3;24;468
3390;200;72;468
3391;10;48;468
3392;5;21;468
3393;1500;113;468
3394;5;48;469
3395;10;21;469
3396;10;8;469
3397;20;11;469
3398;200;172;469
3399;750;46;469
3400;200;3;470
3401;200;4;470
3402;200;20;470
3403;30;8;470
3404;500;7;470
3405;5;68;470
3406;30;11;470
3407;4;48;470
3408;400;19;470
3409;50;14;470
3410;60;31;471
3411;400;207;471
3412;578;0;471
3413;620;71;472
3414;1300;7;472
3415;20;48;472
3416;15;52;472
3417;60;13;472
3418;60;65;472
3419;750;21;472
3420;260;5;472
3421;350;4;472
3422;150;3;472
3423;500;12;473
3424;50;26;473
3425;80;4;473
3426;5;11;473
3427;8;48;473
3428;5;21;473
3429;50;14;473
3430;20;31;473
3431;150;21;473
3432;200;153;473
3433;9;48;474
3434;6;21;474
3435;6;68;474
3436;10;8;474
3437;120;29;474
3438;100;26;474
3439;50;4;474
3440;200;1;474
3441;250;3;474
3442;230;9;474
3443;3;225;475
3444;15;48;475
3445;5;59;475
3446;50;11;475
3447;800;7;475
3448;70;8;475
3449;80;4;475
3450;170;3;475
3451;230;180;475
3452;500;13;475
3453;500;15;475
3454;250;29;476
3455;375;30;476
3456;150;31;476
3457;100;26;476
3458;20;6;476
3459;12;217;476
3460;10;52;476
3461;5;8;476
3462;50;8;476
3463;5;11;476
3464;2;48;477
3465;700;7;477
3466;100;4;477
3467;1100;69;477
3468;15;14;478
3469;5;21;478
3470;10;48;478
3471;1000;15;478
3472;3;48;479
3473;100;8;479
3474;500;7;479
3475;100;4;479
3476;75;3;479
3477;100;69;479
3478;100;226;479
3479;100;35;479
3480;100;210;479
3481;20;14;480
3482;2000;60;480
3483;20;11;480
3484;80;8;480
3485;3;58;480
3486;3;48;480
3487;40;80;480
3488;300;2;481
3489;80;4;481
3490;150;1;481
3491;150;3;481
3492;50;4;481
3493;50;11;481
3494;70;26;481
3495;3;21;481
3496;2;24;481
3497;2;115;481
3498;5;11;482
3499;4;48;482
3500;5;21;482
3501;200;26;482
3502;50;172;482
3503;50;80;482
3504;75;4;482
3505;110;8;482
3506;600;93;482
3507;1000;10;483
3508;500;64;483
3509;200;3;483
3510;150;4;483
3511;100;21;483
3512;60;65;483
3513;200;7;483
3514;200;80;484
3515;3;48;484
3516;4;21;484
3517;100;4;484
3518;500;7;484
3519;80;8;484
3520;500;227;484
3521;250;227;485
3522;170;4;485
3523;20;6;485
3524;20;11;485
3525;1000;7;486
3526;1000;35;486
3527;50;8;486
3528;150;4;486
3529;4;48;486
3530;15;11;487
3531;3;48;487
3532;20;8;487
3533;400;10;487
3534;400;7;487
3535;120;228;488
3536;150;93;488
3537;120;5;488
3538;40;8;488
3539;25;117;488
3540;40;8;488
3541;10;8;488
3542;50;31;488
3543;3;11;488
3544;3;6;488
3545;3;144;488
3546;3;48;488
3547;2;21;488
3548;800;7;489
3549;300;7;489
3550;300;210;489
3551;300;229;489
3552;70;4;489
3553;50;8;489
3554;10;21;489
3555;3;48;489
3556;2;48;490
3557;10;40;490
3558;10;8;490
3559;50;4;490
3560;900;113;490
3561;1;21;490
3562;15;170;491
3563;130;111;491
3564;50;80;491
3565;100;30;491
3566;100;138;491
3567;50;8;492
3568;10;6;492
3569;5;21;492
3570;100;38;492
3571;100;8;492
3572;100;230;492
3573;100;26;492
3574;500;2;492
3575;70;29;492
3576;165;33;493
3577;354;26;493
3578;150;207;493
3579;30;4;493
3580;50;26;494
3581;180;13;494
3582;5;48;494
3583;4;21;494
3584;100;28;494
3585;200;2;494
3586;15;11;494
3587;200;4;494
3588;1000;21;494
3589;500;64;494
3590;250;7;494
3591;270;32;495
3592;3;24;495
3593;3;24;495
3594;10;48;496
3595;50;8;496
3596;20;52;496
3597;250;30;496
3598;200;13;496
3599;45;26;497
3600;2000;7;497
3601;50;8;497
3602;40;8;497
3603;130;25;497
3604;160;29;497
3605;200;31;497
3606;400;2;497
3607;350;15;497
3608;100;4;497
3609;80;3;497
3610;8;21;498
3611;8;48;498
3612;30;40;498
3613;150;25;498
3614;500;71;498
3615;50;8;499
3616;400;0;499
3617;300;4;499
3618;1000;7;499
3619;300;3;499
3620;300;20;499
3621;100;52;500
3622;20;39;500
3623;100;65;500
3624;4;48;500
3625;5;21;500
3626;8;51;500
3627;75;4;500
3628;18;8;500
3629;30;11;500
3630;100;3;500
3631;500;90;500
3632;70;31;500
3633;300;100;500
3634;80;5;501
3635;30;31;501
3636;35;50;501
3637;150;21;501
3638;30;8;501
3639;200;8;501
3640;200;10;501
3641;350;12;501
3642;120;65;502
3643;50;123;502
3644;100;5;502
3645;30;65;502
3646;20;8;502
3647;10;144;502
3648;15;14;502
3649;5;11;502
3650;250;7;502
3651;50;65;503
3652;30;8;503
3653;200;4;503
3654;200;3;503
3655;700;22;503
3656;400;2;504
3657;400;10;504
3658;200;4;504
3659;200;4;504
3660;100;6;504
3661;200;26;504
3662;200;231;504
3663;3;48;504
3664;10;8;504
3665;500;7;505
3666;5;48;505
3667;15;21;505
3668;75;4;505
3669;400;46;505
3670;60;8;505
3671;10;81;505
3672;700;2;506
3673;20;88;506
3674;120;31;506
3675;15;8;506
3676;15;14;506
3677;15;158;506
3678;5;48;507
3679;300;7;507
3680;100;138;507
3681;500;2;508
3682;100;4;508
3683;7;48;508
3684;45;8;508
3685;300;2;509
3686;70;3;509
3687;40;4;509
3688;90;26;509
3689;5;48;509
3690;20;14;509
3691;200;31;509
3692;1000;2;510
3693;150;0;510
3694;150;3;510
3695;80;8;510
3696;30;88;510
3697;250;25;511
3698;50;20;511
3699;700;164;512
3700;150;5;512
3701;150;21;512
3702;90;3;512
3703;30;88;512
3704;30;8;512
3705;10;144;512
3706;10;6;512
3707;60;52;513
3708;60;151;513
3709;100;13;513
3710;400;7;513
3711;50;111;514
3712;3;54;514
3713;50;138;514
3714;50;170;514
3715;100;40;514
3716;22;8;515
3717;135;4;515
3718;350;5;515
3719;222;21;515
3720;538;164;515
3721;5;11;515
3722;400;5;516
3723;150;172;516
3724;300;19;516
3725;300;31;516
3726;400;65;516
3727;800;15;516
3728;172;26;516
3729;210;72;516
3730;50;40;517
3731;1000;85;517
3732;50;85;518
3733;200;4;518
3734;50;8;518
3735;1000;15;518
3736;20;11;518
3737;2;34;519
3738;60;26;519
3739;100;22;519
3740;100;12;519
3741;100;3;520
3742;1100;33;520
3743;150;39;520
3744;100;4;520
3745;100;7;521
3746;250;4;521
3747;500;2;521
3748;500;82;521
3749;500;82;521
3750;150;19;521
3751;100;8;521
3752;60;65;521
3753;60;29;522
3754;180;26;522
3755;200;153;522
3756;30.3;31;523
3757;107.1;26;523
3758;303;153;523
3759;5.1;83;523
3760;10.1;14;523
3761;15.2;138;523
3762;2;21;524
3763;3;48;524
3764;50;8;524
3765;15;11;524
3766;700;200;524
3767;200;29;524
3768;170;29;525
3769;200;26;525
3770;40;8;525
3771;200;4;525
3772;1000;10;525
3773;100;30;525
3774;200;25;525
3775;800;12;526
3776;300;5;526
3777;80;4;526
3778;12;11;526
3779;10;83;526
3780;40;88;526
3781;10;21;526
3782;45;8;526
3783;50;8;526
3784;5;48;526
3785;20;14;526
3786;2;21;527
3787;100;4;527
3788;10;48;527
3789;100;80;527
3790;300;80;527
3791;25;8;528
3792;300;2;528
3793;25;31;528
3794;70;91;529
3795;50;26;529
3796;150;153;529
3797;125;25;529
3798;55;31;529
3799;90;0;529
3800;5;102;529
3801;50;29;529
3802;30;30;530
3803;120;26;530
3804;5;48;530
3805;20;11;530
3806;1000;15;530
3807;250;7;531
3808;80;91;531
3809;100;138;531
3810;100;4;531
3811;30;8;532
3812;250;4;532
3813;50;20;532
3814;100;30;532
3815;50;26;532
3816;1500;35;532
3817;15;14;533
3818;100;26;533
3819;400;76;533
3820;80;31;533
3821;80;8;533
3822;1000;30;533
3823;350;13;533
3824;40;38;533
3825;500;114;534
3826;150;26;534
3827;100;4;534
3828;300;2;534
3829;100;31;534
3830;50;172;534
3831;30;8;534
3832;5;81;534
3833;300;7;535
3834;50;7;535
3835;200;4;535
3836;100;20;535
3837;10;48;536
3838;10;170;536
3839;20;88;536
3840;1500;142;536
3841;500;232;536
3842;50;91;537
3843;1;203;537
3844;10;40;537
3845;200;153;537
3846;90;4;538
3847;20;8;538
3848;300;7;538
3849;80;138;538
3850;30;31;538
3851;20;8;538
3852;500;30;539
3853;400;26;539
3854;50;52;539
3855;50;8;539
3856;450;12;539
3857;200;0;539
3858;60;13;539
3859;10;48;540
3860;10;155;540
3861;400;2;540
3862;30;8;540
3863;20;11;540
3864;20;14;540
3865;500;29;540
3866;200;31;540
3867;500;25;540
3868;120;9;541
3869;50;26;541
3870;80;4;541
3871;300;12;541
3872;8;48;541
3873;10;214;542
3874;50;8;542
3875;200;4;542
3876;100;5;542
3877;30;88;542
3878;150;80;542
3879;150;172;542
3880;200;172;542
3881;700;93;542
3882;100;138;543
3883;20;30;543
3884;5;170;543
3885;200;15;544
3886;150;26;544
3887;100;202;544
3888;30;31;544
3889;100;26;545
3890;40;25;545
3891;800;43;545
3892;100;4;546
3893;100;21;546
3894;100;3;546
3895;150;80;546
3896;300;15;546
3897;150;114;547
3898;600;5;547
3899;70;4;547
3900;100;3;547
3901;200;29;547
3902;17;8;548
3903;50;80;548
3904;80;4;548
3905;3;48;548
3906;4;21;548
3907;1000;46;548
3908;3;11;549
3909;50;8;549
3910;30;27;549
3911;50;31;549
3912;200;65;549
3913;30;144;549
3914;15;14;550
3915;85;5;550
3916;70;3;550
3917;200;12;550
3918;140;92;550
3919;100;22;550
3920;36;96;550
3921;3;48;551
3922;120;26;551
3923;30;4;551
3924;30;8;551
3925;50;100;551
3926;100;20;552
3927;100;110;552
3928;1000;7;552
3929;1;48;552
3930;4;8;552
3931;2;48;553
3932;60;26;553
3933;70;4;553
3934;200;30;553
3935;400;10;553
3936;2;155;553
3937;105;29;553
3938;2;21;553
3939;2;14;553
3940;2;6;553
3941;25;8;553
3942;2;48;554
3943;1000;233;554
3944;100;7;554
3945;10;8;554
3946;100;4;554
3947;60;3;554
3948;1;48;555
3949;20;8;555
3950;70;4;555
3951;400;35;555
3952;1;21;555
3953;1;51;555
3954;1;34;555
3955;50;3;555
3956;50;65;556
3957;300;4;556
3958;500;114;556
3959;250;7;556
3960;20;8;556
3961;500;7;557
3962;200;2;557
3963;30;4;558
3964;2;48;558
3965;27;8;558
3966;50;26;558
3967;40;8;558
3968;400;7;558
3969;200;37;558
3970;1000;7;559
3971;750;10;559
3972;70;3;559
3973;60;4;559
3974;150;31;559
3975;4;48;559
3976;4;21;559
3977;40;29;559
3978;14;8;559
3979;5.1;4;560
3980;5.1;6;560
3981;12.2;155;560
3982;7.1;48;560
3983;102;8;560
3984;102;26;560
3985;91.8;29;560
3986;612;10;560
3987;10;29;561
3988;50;8;561
3989;200;40;561
3990;200;3;561
3991;300;4;561
3992;400;12;561
3993;150;20;561
3994;40;4;562
3995;20;31;562
3996;20;8;562
3997;100;33;562
3998;100;65;562
3999;50;27;563
4000;500;231;563
4001;200;177;563
4002;100;138;563
4003;5;48;564
4004;60;38;564
4005;40;8;564
4006;50;26;564
4007;500;71;564
4008;1000;10;565
4009;180;26;565
4010;20;217;565
4011;120;29;565
4012;50;14;565
4013;90;80;566
4014;100;111;566
4015;50;4;566
4016;180;26;566
4017;170;3;566
4018;180;33;566
4019;175;13;567
4020;140;92;567
4021;150;23;567
4022;30;4;567
4023;15;11;567
4024;90;88;567
4025;18;8;567
4026;30;48;567
4027;30;6;567
4028;20;11;568
4029;30;21;568
4030;30;48;568
4031;90;88;568
4032;30;80;568
4033;100;88;568
4034;15;88;568
4035;950;44;568
4036;5;48;569
4037;20;8;569
4038;100;20;569
4039;10;21;570
4040;90;234;570
4041;30;31;570
4042;80;87;570
4043;168;235;570
4044;90;88;570
4045;45;11;570
4046;100;5;570
4047;350;71;570
4048;15;51;571
4049;20;11;571
4050;45;4;571
4051;85;3;571
4052;240;88;571
4053;90;234;571
4054;100;13;571
4055;30;31;572
4056;400;12;572
4057;168;235;572
4058;60;87;572
4059;90;5;572
4060;90;88;572
4061;15;170;572
4062;75;99;572
4063;15;94;572
4064;40;11;572
4065;10;52;573
4066;5;8;573
4067;20;160;573
4068;40;111;573
4069;80;30;573
4070;25;20;573
4071;40;153;573
4072;50;8;574
4073;125;7;574
4074;5;48;574
4075;210;2;574
4076;250;29;574
4077;114;26;575
4078;8;52;575
4079;23;38;575
4080;3;48;575
4081;2;144;575
4082;2;158;575
4083;93;31;575
4084;696;12;575
4085;10;29;575
4086;25;88;576
4087;52;8;576
4088;5;48;576
4089;5;21;576
4090;125;72;576
4091;19;11;576
4092;123;4;576
4093;1;54;577
4094;200;25;577
4095;100;153;577
4096;50;88;578
4097;200;88;578
4098;20;8;578
4099;500;114;578
4100;1;21;578
4101;200;4;578
4102;1000;2;578
4103;5;11;578
4104;30;80;578
4105;10;102;578
4106;216;26;579
4107;200;30;579
4108;70;31;579
4109;3;48;579
4110;10;170;579
4111;10;48;580
4112;250;3;580
4113;200;114;580
4114;1000;53;580
4115;150;31;580
4116;200;20;580
4117;15;8;581
4118;3;48;581
4119;20;65;581
4120;10;158;581
4121;15;11;581
4122;70;4;581
4123;400;0;581
4124;10;8;582
4125;50;7;582
4126;5;48;582
4127;1;21;582
4128;350;80;582
4129;500;0;582
4130;300;4;582
4131;100;29;583
4132;300;7;583
4133;10;14;584
4134;3;48;584
4135;120;30;584
4136;60;31;584
4137;150;26;584
4138;500;10;584
4139;200;5;585
4140;300;0;585
4141;400;123;585
4142;300;23;585
4143;300;92;585
4144;50;4;585
4145;400;1;585
4146;300;164;585
4147;5;11;585
4148;200;21;585
4149;450;13;585
4150;400;7;586
4151;50;52;586
4152;2;48;586
4153;70;138;586
4154;250;7;587
4155;75;8;587
4156;10;83;587
4157;800;5;587
4158;2;158;587
4159;25;40;587
4160;100;4;587
4161;1;21;587
4162;5;11;587
4163;800;11;587
4164;300;140;587
4165;150;153;588
4166;60;26;588
4167;1;48;588
4168;50;29;588
4169;190;5;589
4170;200;21;589
4171;340;164;589
4172;510;1;589
4173;165;4;589
4174;250;92;590
4175;1000;7;590
4176;5;48;590
4177;500;186;591
4178;400;1;591
4179;90;3;591
4180;100;4;591
4181;5;11;591
4182;5;48;591
4183;1;21;591
4184;20;144;591
4185;400;5;591
4186;180;7;591
4187;10;8;592
4188;200;30;592
4189;150;26;592
4190;1000;16;593
4191;150;4;593
4192;30;172;593
4193;10;29;593
4194;15;8;593
4195;700;8;594
4196;900;1;594
4197;200;5;594
4198;150;31;594
4199;50;8;594
4200;25;29;594
4201;350;30;594
4202;25;8;594
4203;20;141;594
4204;5;11;594
4205;2;21;594
4206;2;27;594
4207;200;18;594
4208;200;30;595
4209;7;11;595
4210;500;114;595
4211;600;36;596
4212;1000;7;596
4213;100;4;596
4214;10;11;596
4215;100;3;596
4216;30;65;596
4217;5;141;596
4218;4;48;596
4219;20;14;596
4220;20;29;597
4221;330;1;597
4222;20;29;597
4223;104;26;597
4224;120;31;597
4225;600;2;598
4226;100;4;598
4227;360;26;598
4228;150;8;598
4229;5;48;598
4230;100;90;598
4231;200;26;599
4232;60;4;599
4233;5;11;599
4234;80;31;599
4235;120;5;599
4236;5;48;599
4237;3;21;599
4238;25;8;599
4239;20;14;599
4240;80;21;599
4241;200;25;600
4242;100;20;600
4243;5;48;601
4244;100;48;601
4245;100;4;601
4246;200;32;601
4247;120;26;602
4248;46;31;602
4249;10;6;602
4250;2;48;602
4251;25;8;602
4252;500;82;603
4253;200;82;603
4254;180;4;603
4255;180;3;603
4256;150;21;603
4257;130;5;603
4258;10;48;603
4259;2;21;603
4260;80;8;603
4261;5;11;603
4262;20;6;603
4263;200;7;603
4264;550;2;604
4265;116;80;604
4266;123;29;604
4267;3;217;604
4268;118;26;604
4269;5;48;604
4270;3;21;604
4271;18;11;604
4272;100;4;604
4273;21;8;604
4274;1600;47;605
4275;125;8;605
4276;90;4;605
4277;600;53;605
4278;400;13;605
4279;10;48;605
4280;120;31;605
4281;400;15;606
4282;250;236;606
4283;100;22;606
4284;100;4;606
4285;200;21;606
4286;80;3;606
4287;40;8;606
4288;100;7;606
4289;5;48;606
4290;620;47;606
4291;2;21;607
4292;50;21;607
4293;100;15;607
4294;50;30;607
4295;64;91;607
4296;5;48;607
4297;50;4;607
4298;50;26;607
4299;20;237;608
4300;84;91;608
4301;170;99;608
4302;800;15;608
4303;600;238;609
4304;200;39;609
4305;80;4;609
4306;10;239;609
4307;100;31;609
4308;100;38;609
4309;5;83;609
4310;50;27;609
4311;200;117;609
4312;150;7;609
4313;3;48;609
4314;1;21;609
4315;10;8;609
4316;600;53;610
4317;180;26;610
4318;60;80;610
4319;120;29;610
4320;5;48;610
4321;17;8;610
4322;250;240;611
4323;250;164;611
4324;250;137;611
4325;150;5;611
4326;50;4;611
4327;5;11;611
4328;17;8;611
4329;10;34;611
4330;500;7;611
4331;5;54;611
4332;1;158;611
4333;1;158;611
4334;5;48;611
4335;1;21;611
4336;2;48;612
4337;40;8;612
4338;5;11;612
4339;2;21;612
4340;50;31;612
4341;200;80;612
4342;100;4;612
4343;5;6;612
4344;5;14;612
4345;1000;36;612
4346;300;32;613
4347;600;7;613
4348;10;8;613
4349;90;4;613
4350;10;24;613
4351;5;116;613
4352;5;48;613
4353;200;20;614
4354;400;7;614
4355;100;4;614
4356;2;11;614
4357;20;14;614
4358;10;8;614
4359;40;38;614
4360;5;48;614
4361;1;21;614
4362;750;2;615
4363;50;3;615
4364;40;29;615
4365;80;29;615
4366;15;8;615
4367;3;48;615
4368;500;37;616
4369;5000;7;616
4370;250;31;616
4371;30;8;616
4372;40;29;616
4373;300;30;616
4374;5;48;616
4375;2;11;616
4376;120;29;617
4377;30;52;617
4378;1;48;617
4379;60;26;617
4380;10;8;617
4381;300;177;617
4382;500;153;617
4383;130;13;618
4384;300;30;618
4385;100;72;618
4386;100;53;618
4387;10;52;618
4388;5;129;618
4389;10;239;618
4390;200;138;619
4391;150;7;619
4392;80;3;619
4393;80;4;619
4394;60;26;619
4395;100;31;619
4396;5;48;619
4397;100;29;619
4398;10;8;619
4399;500;82;620
4400;500;64;620
4401;500;69;620
4402;200;5;620
4403;1000;2;620
4404;250;3;620
4405;200;4;620
4406;5;11;620
4407;500;117;620
4408;5;158;620
4409;10;48;620
4410;1;21;620
4411;1;51;620
4412;20;6;620
4413;10;14;620
4414;2000;82;621
4415;100;31;621
4416;300;4;621
4417;200;21;621
4418;250;5;621
4419;20;8;621
4420;10;48;621
4421;2;21;621
4422;100;0;621
4423;500;7;621
4424;600;2;622
4425;2;24;622
4426;2;48;622
4427;120;26;622
4428;120;31;622
4429;20;38;622
4430;20;8;622
4431;300;64;623
4432;300;2;623
4433;220;0;623
4434;100;4;623
4435;80;3;623
4436;17;8;623
4437;2;48;623
4438;1;21;623
4439;150;31;623
4440;3;11;623
4441;100;7;623
4442;50;8;624
4443;20;4;624
4444;50;29;624
4445;100;30;624
4446;200;5;624
4447;100;2;624
4448;200;164;624
4449;500;71;624
4450;300;15;625
4451;100;42;625
4452;150;193;625
4453;200;2;625
4454;100;4;625
4455;80;80;625
4456;2;48;625
4457;1172;15;626
4458;273;38;626
4459;440;26;626
4460;382;31;626
4461;200;3;627
4462;10;48;627
4463;100;4;627
4464;100;29;627
4465;120;26;627
4466;100;7;627
4467;100;30;627
4468;180;153;627
4469;500;12;627
4470;60;8;627
4471;400;241;628
4472;300;74;628
4473;180;72;628
4474;200;117;628
4475;4;158;628
4476;100;4;628
4477;60;31;628
4478;17;8;628
4479;3;48;628
4480;3;141;628
4481;3000;7;628
4482;400;92;629
4483;200;5;629
4484;180;4;629
4485;17;8;629
4486;2;48;629
4487;30;14;629
4488;200;31;629
4489;800;15;630
4490;250;4;630
4491;2;48;630
4492;60;8;630
4493;3000;7;630
4494;180;26;630
4495;320;29;630
4496;450;15;631
4497;200;13;631
4498;50;8;631
4499;80;3;631
4500;2;48;631
4501;3;11;631
4502;630;7;631
4503;3;8;632
4504;3;11;632
4505;26;4;632
4506;50;242;632
4507;320;90;632
4508;700;51;633
4509;500;114;633
4510;120;13;633
4511;100;4;633
4512;2;11;633
4513;15;8;633
4514;40;14;633
4515;500;29;634
4516;120;26;634
4517;375;7;634
4518;1;48;634
4519;450;2;635
4520;60;26;635
4521;20;29;635
4522;17;8;635
4523;1;48;635
4524;1;21;635
4525;280;12;635
4526;180;5;635
4527;50;31;635
4528;20;6;635
4529;18;88;635
4530;250;114;636
4531;60;72;636
4532;12;8;636
4533;50;80;636
4534;9;14;636
4535;7;6;636
4536;10;48;636
4537;60;4;636
4538;315;5;636
4539;100;37;636
4540;250;114;636
4541;145;21;636
4542;1000;64;637
4543;700;15;637
4544;200;15;637
4545;180;26;637
4546;120;105;637
4547;3;11;637
4548;5;48;637
4549;1;21;637
4550;1500;232;638
4551;1000;142;638
4552;100;4;638
4553;80;3;638
4554;20;6;638
4555;3;11;638
4556;5;48;638
4557;1;21;638
4558;1;120;638
4559;20;170;638
4560;20;94;638
4561;20;127;639
4562;15;99;639
4563;50;25;639
4564;50;26;639
4565;30;138;639
4566;120;153;639
4567;20;243;639
4568;3;8;639
4569;580;244;640
4570;200;21;640
4571;100;4;640
4572;40;4;640
4573;20;8;640
4574;1;48;640
4575;1;21;640
4576;1;83;640
4577;1;11;640
4578;1;59;640
4579;120;26;640
4580;28;38;640
4581;200;32;641
4582;280;9;641
4583;30;109;641
4584;1;120;641
4585;1;115;641
4586;40;115;641
4587;50;138;641
4588;20;20;641
4589;1;48;641
4590;20;8;641
4591;20;6;641
4592;500;60;642
4593;130;21;642
4594;80;3;642
4595;100;4;642
4596;2;11;642
4597;15;8;642
4598;15;8;642
4599;1;21;642
4600;40;245;642
4601;30;88;642
4602;20;52;642
4603;20;105;642
4604;15;81;642
4605;500;21;643
4606;180;4;643
4607;2;11;643
4608;210;5;643
4609;10;144;643
4610;17;8;643
4611;180;26;643
4612;1;21;643
4613;42;72;643
4614;750;64;644
4615;300;72;644
4616;45;65;644
4617;180;117;644
4618;30;8;644
4619;28;83;644
4620;1;48;644
4621;1;21;644
4622;1000;15;645
4623;130;154;645
4624;60;26;645
4625;100;27;645
4626;180;246;645
4627;36;117;645
4628;38;117;645
4629;1;48;645
4630;1;21;645
4631;260;29;646
4632;55;26;646
4633;35;8;646
4634;3;48;646
4635;120;7;646
4636;1000;15;646
4637;250;0;646
4638;75;31;646
4639;75;31;646
4640;60;38;646
4641;850;15;647
4642;120;26;647
4643;50;4;647
4644;28;138;647
4645;30;38;647
4646;60;25;647
4647;130;31;647
4648;1;48;647
4649;1;21;647
4650;300;13;648
4651;450;168;648
4652;240;26;648
4653;100;4;648
4654;45;8;648
4655;745;47;648
4656;1;51;648
4657;1;48;648
4658;1;24;648
4659;1;115;648
4660;200;23;648
4661;20;6;648
4662;1200;15;649
4663;17;8;649
4664;25;221;649
4665;1;48;649
4666;100;30;649
4667;350;7;649
4668;5;11;649
4669;1;115;649
4670;1;86;649
4671;1500;247;650
4672;100;4;650
4673;25;172;650
4674;30;38;650
4675;100;117;650
4676;380;111;650
4677;17;8;650
4678;450;114;651
4679;60;26;651
4680;80;3;651
4681;80;2;651
4682;80;4;651
4683;100;111;651
4684;150;248;651
4685;20;239;651
4686;1;48;651
4687;1;21;651
4688;400;168;652
4689;30;40;652
4690;17;8;652
4691;20;117;652
4692;20;239;652
4693;75;38;652
4694;100;31;652
4695;1000;114;653
4696;300;130;653
4697;100;4;653
4698;1;48;653
4699;1;21;653
4700;900;69;654
4701;60;25;654
4702;18;239;654
4703;1;48;654
4704;2;141;654
4705;200;141;655
4706;100;249;655
4707;200;31;655
4708;200;114;655
4709;25;8;655
4710;250;72;655
4711;1;11;655
4712;1;48;655
4713;1;21;655
4714;1000;143;656
4715;500;4;656
4716;250;142;656
4717;50;170;656
4718;10;83;656
4719;4;11;656
4720;1;48;656
4721;1;21;656
4722;5;48;657
4723;35;29;657
4724;50;26;657
4725;300;250;657
4726;900;2;657
4727;250;13;658
4728;500;7;658
4729;850;93;658
4730;60;26;658
4731;100;20;658
4732;30;4;658
4733;20;14;658
4734;1;48;658
4735;1;21;658
4736;550;30;658
4737;45;8;658
4738;50;29;658
4739;20;138;659
4740;10;170;659
4741;5;151;659
4742;70;7;659
4743;300;251;660
4744;6000;71;660
4745;10;196;660
4746;10;158;660
4747;1;51;660
4748;300;3;660
4749;300;4;660
4750;200;50;660
4751;1;48;660
4752;1000;15;661
4753;600;2;661
4754;200;74;661
4755;200;5;661
4756;100;47;661
4757;200;4;661
4758;200;72;661
4759;51;8;661
4760;200;31;661
4761;200;1;661
4762;1;51;661
4763;1;21;661
4764;1;48;661
4765;100;4;662
4766;200;33;662
4767;200;38;662
4768;250;1;662
4769;120;26;662
4770;10;26;662
4771;10;40;662
4772;17;8;662
4773;1;48;663
4774;1;21;663
4775;230;21;663
4776;230;139;663
4777;250;117;663
4778;100;4;663
4779;51;8;663
4780;350;64;663
4781;350;82;663
4782;50;74;663
4783;800;10;663
4784;800;10;663
4785;100;130;663
4786;1000;7;663
4787;50;50;664
4788;20;6;664
4789;150;252;664
4790;220;47;664
4791;25;129;664
4792;1;21;664
4793;1;51;664
4794;1;48;664
4795;1;21;664
4796;300;21;664
4797;300;92;664
4798;30;4;664
4799;70;3;664
4800;300;53;664
4801;17;8;664
4802;2;11;664
4803;700;114;664
4804;500;12;665
4805;50;26;665
4806;50;8;665
4807;100;30;665
4808;5;21;665
4809;5;48;665
4810;5;115;665
4811;5;83;665
4812;50;4;665
4813;50;21;665
4814;1500;10;666
4815;110;7;666
4816;50;151;666
4817;30;52;666
4818;1;48;666
4819;1;209;666
4820;60;253;666
4821;100;111;666
4822;50;81;666
4823;450;93;667
4824;2;11;667
4825;5;68;667
4826;10;170;667
4827;30;88;667
4828;30;40;667
4829;500;2;668
4830;250;10;668
4831;40;4;668
4832;100;30;668
4833;50;8;668
4834;20;11;668
4835;1;27;668
4836;5;48;668
4837;1;21;668
4838;700;64;669
4839;150;4;669
4840;200;9;669
4841;80;29;669
4842;30;6;669
4843;30;8;669
4844;10;48;669
4845;300;95;669
4846;3;106;669
4847;3;21;669
4848;300;76;670
4849;120;72;670
4850;100;26;670
4851;40;31;670
4852;3;83;670
4853;4;48;670
4854;10;102;671
4855;20;208;671
4856;60;8;671
4857;5;81;671
4858;150;29;671
4859;3;155;671
4860;60;7;671
4861;30;8;671
4862;120;26;671
4863;200;12;672
4864;20;31;672
4865;4;48;672
4866;3;21;672
4867;10;30;672
4868;35;26;672
4869;600;178;673
4870;400;2;673
4871;5;48;673
4872;50;8;673
4873;165;26;674
4874;500;153;674
4875;135;154;674
4876;60;31;674
4877;100;31;675
4878;240;92;675
4879;100;4;675
4880;100;3;675
4881;1200;7;675
4882;40;8;675
4883;100;233;675
4884;180;92;675
4885;120;138;676
4886;120;7;676
4887;3;48;676
4888;10;29;676
4889;30;8;676
4890;10;11;676
4891;200;13;677
4892;150;9;677
4893;700;7;677
4894;5;48;677
4895;30;8;677
4896;400;114;678
4897;500;10;678
4898;100;4;678
4899;30;8;678
4900;100;26;678
4901;150;30;678
4902;50;31;678
4903;50;38;678
4904;5;48;678
4905;3;21;678
4906;250;26;679
4907;120;31;679
4908;100;8;679
4909;5;48;679
4910;200;92;680
4911;50;29;680
4912;400;31;680
4913;600;7;680
4914;200;7;681
4915;100;254;681
4916;200;3;681
4917;40;102;681
4918;3;48;681
4919;30;8;681
4920;100;50;682
4921;100;50;682
4922;100;21;682
4923;100;3;682
4924;300;2;682
4925;1000;12;682
4926;30;255;682
4927;30;21;683
4928;30;11;683
4929;400;114;683
4930;400;114;683
4931;60;26;683
4932;6;144;683
4933;1;6;683
4934;100;5;683
4935;5;8;684
4936;350;7;684
4937;1000;46;684
4938;500;2;684
4939;5;48;684
4940;30;65;684
4941;165;3;684
4942;1700;10;684
4943;150;4;684
4944;400;93;685
4945;400;53;685
4946;40;40;685
4947;250;47;685
4948;120;80;685
4949;15;8;685
4950;40;14;685
4951;7;48;685
4952;4;21;685
4953;540;29;686
4954;250;7;686
4955;60;8;686
4956;7;48;686
4957;400;10;686
4958;100;10;686
4959;70;4;686
4960;70;3;686
4961;4;21;686
4962;1000;164;687
4963;500;2;687
4964;200;21;687
4965;150;4;687
4966;400;5;687
4967;20;11;687
4968;30;21;687
4969;15;21;687
4970;15;6;687
4971;15;14;687
4972;3;158;687
4973;3;144;687
4974;80;8;687
4975;5;48;687
4976;80.8;27;688
4977;5.1;40;688
4978;3;48;688
4979;5.1;115;688
4980;20.2;11;688
4981;15.2;11;688
4982;50.5;7;688
4983;5.1;21;688
4984;3;59;688
4985;1000;164;689
4986;90;4;689
4987;50;8;689
4988;4;115;689
4989;2;24;689
4990;3;86;689
4991;20;86;689
4992;7;48;689
4993;1000;82;690
4994;500;5;690
4995;200;4;690
4996;50;65;690
4997;60;8;690
4998;5;86;690
4999;5;221;690
5000;3;21;690
5001;20;21;690
5002;10;48;690
5003;600;15;691
5004;500;27;691
5005;200;4;691
5006;15;11;691
5007;30;8;691
5008;30;81;691
5009;20;81;691
5010;4;86;691
5011;3;24;691
5012;2;21;691
5013;4;54;691
5014;1000;47;691
5015;2;11;692
5016;7;88;692
5017;5;94;692
5018;600;198;692
5019;1;21;692
5020;1;48;692
5021;1;58;692
5022;1;21;693
5023;1;58;693
5024;30;4;693
5025;4;11;693
5026;400;114;693
5027;1;8;694
5028;1;48;694
5029;1;21;694
5030;50;4;694
5031;10;80;694
5032;50;72;694
5033;400;0;694
5034;735;76;694
5035;500;18;695
5036;200;30;695
5037;70;4;695
5038;15;34;695
5039;15;29;695
5040;5;11;695
5041;5;68;695
5042;45;8;695
5043;15;8;695
5044;7;48;695
5045;15;8;696
5046;23;88;696
5047;90;25;696
5048;1040;1;696
5049;20;8;697
5050;1000;7;697
5051;100;3;697
5052;200;4;697
5053;500;114;697
5054;200;50;697
5055;230;9;698
5056;100;111;698
5057;45;26;698
5058;40;27;698
5059;40;151;698
5060;3;48;698
5061;20;20;698
5062;30;8;698
5063;70;3;698
5064;60;91;699
5065;35;218;699
5066;100;7;699
5067;200;122;700
5068;50;122;700
5069;20;89;700
5070;20;11;700
5071;50;4;700
5072;90;26;700
5073;80;29;700
5074;5;155;700
5075;30;8;700
5076;4;48;700
5077;500;18;701
5078;50;6;701
5079;12;11;701
5080;45;8;701
5081;2;21;701
5082;2;48;701
5083;1000;2;702
5084;40;26;702
5085;250;29;702
5086;100;31;702
5087;50;8;702
5088;3;141;702
5089;10;48;702
5090;90;91;703
5091;100;10;703
5092;2;8;703
5093;20;7;703
5094;10;14;703
5095;180;28;704
5096;250;0;704
5097;70;4;704
5098;40;8;704
5099;150;80;704
5100;70;31;704
5101;2;21;704
5102;3;48;704
5103;30;8;705
5104;30;29;705
5105;60;26;705
5106;140;3;705
5107;20;20;705
5108;140;4;705
5109;720;35;705
5110;5;144;706
5111;2;196;706
5112;5;196;706
5113;10;157;706
5114;280;96;706
5115;450;135;706
5116;200;123;706
5117;200;51;706
5118;1400;88;706
5119;12;11;706
5120;225;0;706
5121;2;21;706
5122;300;29;707
5123;190;26;707
5124;45;8;707
5125;200;96;707
5126;100;31;707
5127;2;27;707
5128;2;21;707
5129;4;48;707
5130;500;37;708
5131;500;114;708
5132;100;65;708
5133;300;5;708
5134;90;4;708
5135;200;31;708
5136;15;117;708
5137;45;8;708
5138;2;21;708
5139;3;144;708
5140;5;48;708
5141;180;13;709
5142;60;8;709
5143;200;53;709
5144;1000;7;709
5145;2;24;709
5146;15;68;709
5147;7;48;709
5148;350;244;710
5149;120;244;710
5150;120;5;710
5151;30;8;710
5152;2;14;710
5153;7;40;710
5154;2;48;710
5155;50;65;711
5156;500;7;711
5157;100;80;711
5158;200;4;711
5159;200;3;711
5160;500;114;711
5161;500;20;711
5162;15;8;711
5163;50;177;712
5164;70;256;712
5165;10;29;712
5166;30;138;712
5167;30;7;712
5168;10;99;712
5169;20;29;713
5170;80;14;713
5171;80;6;713
5172;80;26;713
5173;100;4;713
5174;80;3;713
5175;100;13;713
5176;200;1;713
5177;500;12;713
5178;30;8;713
5179;100;80;714
5180;300;2;714
5181;30;8;714
5182;30;48;714
5183;3000;74;714
5184;100;4;714
5185;50;5;715
5186;35;26;715
5187;30;31;715
5188;60;31;715
5189;200;31;716
5190;70;89;716
5191;70;96;716
5192;70;4;716
5193;70;4;716
5194;400;153;716
5195;200;31;716
5196;200;80;716
5197;30;8;716
5198;2;21;716
5199;5;48;716
5200;180;26;717
5201;70;8;717
5202;50;31;717
5203;20;14;717
5204;100;29;718
5205;5;21;718
5206;20;48;718
5207;50;26;718
5208;130;4;718
5209;100;30;718
5210;100;28;718
5211;100;257;718
5212;650;114;718
5213;10;14;719
5214;1;51;719
5215;5;21;719
5216;50;8;719
5217;20;48;719
5218;50;65;719
5219;150;4;719
5220;100;80;719
5221;500;82;719
5222;300;1;720
5223;140;26;720
5224;100;29;720
5225;80;31;720
5226;30;6;720
5227;25;8;720
5228;50;38;720
5229;5;48;720
5230;5;217;720
5231;800;2;721
5232;90;26;721
5233;25;29;721
5234;60;8;721
5235;50;8;721
5236;90;4;721
5237;300;0;721
5238;5;48;721
5239;200;258;722
5240;100;80;722
5241;20;8;722
5242;70;4;722
5243;30;31;722
5244;3;48;722
5245;15;6;722
5246;500;53;723
5247;50;109;723
5248;200;80;723
5249;25;11;723
5250;20;14;723
5251;40;8;723
5252;4;48;723
5253;2;21;723
5254;100;80;724
5255;60;26;724
5256;100;4;724
5257;500;82;724
5258;500;82;724
5259;500;259;725
5260;800;5;725
5261;75;4;725
5262;150;3;725
5263;45;8;725
5264;5;51;725
5265;2;21;725
5266;7;48;725
5267;250;15;726
5268;200;164;726
5269;180;5;726
5270;50;29;726
5271;50;38;726
5272;45;26;726
5273;30;30;726
5274;100;31;726
5275;60;8;726
5276;2;21;726
5277;5;48;726
5278;250;15;727
5279;15;11;727
5280;120;13;727
5281;250;7;727
5282;2;21;727
5283;5;48;727
5284;500;10;728
5285;300;2;728
5286;200;30;728
5287;100;80;728
5288;25;8;728
5289;100;31;728
5290;15;11;728
5291;50;38;728
5292;7;48;728
5293;2;21;728
5294;350;4;729
5295;50;29;729
5296;45;26;729
5297;2;34;729
5298;2;21;729
5299;45;8;729
5300;3;48;729
5301;4;8;730
5302;125;30;730
5303;100;7;730
5304;145;29;730
5305;250;25;730
5306;120;25;730
5307;5;52;730
5308;60;26;730
5309;300;13;731
5310;600;47;731
5311;300;46;731
5312;150;118;731
5313;65;4;731
5314;60;50;731
5315;120;21;731
5316;20;11;731
5317;160;5;731
5318;3;83;731
5319;1;21;731
5320;2;21;731
5321;2;158;731
5322;2;21;731
5323;7;48;731
5324;300;9;732
5325;70;4;732
5326;45;8;732
5327;4;48;732
5328;3;52;732
5329;5;81;732
5330;2;21;732
5331;75;4;733
5332;500;114;733
5333;500;114;733
5334;75;28;733
5335;45;3;733
5336;45;26;733
5337;80;260;733
5338;20;94;733
5339;15;11;733
5340;15;8;733
5341;2;21;733
5342;7;48;733
5343;250;76;734
5344;300;76;734
5345;80;4;734
5346;80;87;734
5347;30;40;734
5348;30;8;734
5349;12;94;734
5350;2;21;734
5351;3;48;734
5352;125;13;735
5353;125;13;735
5354;185;33;735
5355;60;145;735
5356;160;194;735
5357;10;261;735
5358;15;31;735
5359;30;8;735
5360;5;81;735
5361;100;114;736
5362;150;114;736
5363;50;20;736
5364;210;26;736
5365;50;4;736
5366;10;11;736
5367;2;83;736
5368;2;21;736
5369;5;48;736
5370;90;5;736
5371;30;6;736
5372;30;8;736
5373;100;38;736
5374;350;114;737
5375;350;114;737
5376;200;0;737
5377;45;26;737
5378;75;4;737
5379;75;3;737
5380;50;80;737
5381;15;8;737
5382;50;38;737
5383;40;94;737
5384;3;21;737
5385;4;48;737
5386;30;8;738
5387;25;170;738
5388;7;83;738
5389;25;170;738
5390;250;170;738
5391;125;186;739
5392;150;3;739
5399;10;21;770
5400;10;14;770
5401;10;14;770
5402;10;11;770
5403;3;48;770
5404;320;28;770
5405;200;153;770
5406;200;80;770
5407;50;26;771
5408;3;48;771
5409;5;52;771
5410;40;166;771
5411;80;174;771
5412;100;2;772
5413;50;10;772
5414;50;4;772
5415;5;8;772
5416;10;14;772
5417;2;48;772
5418;1;21;772
5419;100;10;772
5428;180;23;774
5429;200;19;774
5430;20;14;774
5431;20;6;774
5432;30;4;774
5433;50;80;774
5439;100;42;776
5440;300;9;776
5441;300;111;776
5442;20;8;776
5443;40;81;776
5444;5;48;776
5445;2;21;776
5450;300;164;778
5451;300;21;778
5452;300;4;778
5453;300;22;778
5454;300;5;778
5455;50;14;778
5456;5;48;778
5457;300;10;778
5458;60;8;778
5459;500;0;779
5460;100;18;779
5461;30;80;779
5462;20;31;779
5463;30;14;779
5464;200;12;780
5465;80;236;780
5466;100;4;780
5467;20;4;780
5468;200;5;780
5469;100;21;780
5470;30;262;780
5471;5;8;780
5472;200;92;780
5473;200;197;781
5474;200;263;781
5475;5;8;781
5476;200;18;781
5477;300;10;782
5478;200;5;782
5479;200;21;782
5480;20;6;782
5481;10;8;782
5488;300;12;784
5489;300;2;784
5490;200;3;784
5491;200;19;784
5492;150;26;784
5493;100;23;784
5494;50;172;784
5495;50;99;784
5496;1000;164;785
5497;100;90;785
5498;10;8;785
5499;100;4;785
5500;20;6;786
5501;300;10;786
5502;200;5;786
5503;30;8;786
5504;75;19;786
5505;150;21;787
5506;30;4;787
5507;50;19;787
5508;10;40;787
5509;10;6;787
5510;15;27;787
5511;5;8;787
5512;10;253;788
5513;70;3;788
5514;50;9;788
5515;100;10;788
5516;5;48;788
5517;70;80;789
5518;100;19;789
5519;100;5;789
5520;100;29;790
5521;90;26;790
5522;500;1;790
5523;150;80;790
5524;50;8;790
5525;50;31;790
5526;4;11;790
5527;500;164;791
5528;100;3;791
5529;100;4;791
5530;120;40;791
5531;30;8;791
5532;50;14;791
5533;25;31;792
5534;50;18;792
5535;150;26;792
5536;10;102;793
5537;10;27;793
5538;5;8;793
5539;20;40;793
5540;15;6;793
5541;50;4;793
5542;80;19;793
5543;200;5;793
5544;80;29;794
5545;25;40;794
5546;80;8;794
5547;120;26;794
5548;300;18;794
5549;200;55;794
5550;5;21;794
5551;10;48;794
5552;50;8;795
5553;200;27;795
5554;100;40;795
5555;50;13;795
5556;80;170;795
5557;500;9;795
5558;150;4;795
5559;20;172;796
5560;3;48;796
5561;400;10;796
5562;100;31;796
5563;100;38;796
5564;500;12;796
5565;5;8;797
5566;40;21;797
5567;40;87;797
5568;30;111;797
5569;10;253;797
5570;150;5;798
5571;90;31;798
5572;20;8;798
5573;10;14;798
5574;5;52;798
5575;5;48;798
5576;3;21;798
5577;60;8;799
5578;15;21;799
5579;15;115;799
5580;15;115;799
5581;30;94;799
5582;15;94;799
5583;15;144;799
5584;15;83;799
5585;500;12;799
5586;1000;7;799
5587;60;48;799
5595;5;14;801
5596;500;10;801
5597;50;8;801
5598;5;48;801
5599;100;38;801
5600;100;26;801
5601;2;21;802
5602;3;48;802
5603;3;14;802
5604;300;31;802
5605;20;8;802
5606;500;5;802
5607;100;31;803
5608;5;8;803
5609;20;4;803
5610;100;5;803
5611;100;1;803
5612;100;31;804
5613;100;5;804
5614;10;8;804
5615;100;30;804
5616;210;26;804
5617;183;9;805
5618;418;2;805
5619;20;8;805
5620;90;4;805
5621;274;23;805
5622;200;19;805
5623;542;10;805
5624;30;8;806
5625;300;4;806
5626;300;3;806
5627;300;5;806
5628;500;1;806
5629;300;4;807
5630;500;9;807
5631;30;8;807
5632;100;65;807
5633;283;23;808
5634;565;2;808
5635;164;12;808
5636;458;26;808
5637;50;4;808
5638;180;19;808
5639;250;80;808
5640;20;94;808
5641;100;82;809
5642;100;82;809
5643;30;94;809
5644;200;264;810
5645;150;26;810
5646;250;92;810
5647;3;21;811
5648;50;8;811
5649;90;29;811
5650;50;26;811
5651;50;4;811
5652;80;3;811
5653;500;1;811
5654;5;48;811
5655;150;265;812
5656;240;10;812
5657;100;4;812
5658;280;92;812
5659;240;264;812
5660;14;88;813
5661;9;170;813
5662;25;40;813
5663;8;11;813
5664;20;102;813
5665;250;145;813
5666;100;18;813
5667;50;80;814
5668;200;9;814
5669;50;27;815
5670;50;27;815
5671;30;27;815
5672;100;22;816
5673;100;99;816
5674;110;26;816
5675;80;111;816
5676;40;19;816
5677;150;3;816
5678;300;12;816
5679;5;266;816
5680;10;94;817
5681;10;88;817
5682;10;267;817
5683;125;87;817
5684;10;8;817
5685;5;11;818
5686;10;40;818
5687;5;6;818
5688;10;8;818
5689;100;10;818
5690;100;111;818
5691;100;3;818
5692;100;9;818
5693;300;4;819
5694;100;11;819
5695;80;8;819
5696;100;52;819
5697;300;5;819
5698;300;21;819
5699;3000;164;819
5700;5;106;820
5701;5;48;820
5702;50;8;820
5703;200;3;820
5704;100;111;820
5705;200;9;820
5706;157;3;821
5707;100;50;821
5708;82;263;821
5709;30;109;821
5710;67;21;822
5711;139;19;822
5712;25;4;822
5713;143;5;822
5714;20;88;822
5715;10;214;822
5716;14.9;52;823
5717;14.9;81;823
5718;5;48;823
5719;495;7;823
5720;247.5;68;823
5721;10;14;824
5722;30;3;824
5723;20;42;824
5724;20;22;824
5725;20;23;824
5726;20;92;824
5727;10;268;824
5728;20;39;825
5729;100;87;825
5730;200;111;825
5731;200;111;825
5732;200;12;825
5733;200;3;826
5734;600;10;826
5735;200;111;826
5736;500;9;826
5737;200;50;826
5738;300;26;827
5739;20;94;827
5740;50;38;827
5741;600;114;827
5742;500;269;827
5743;20;8;828
5744;10;21;828
5745;10;14;828
5746;10;48;828
5747;50;21;828
5748;100;4;828
5749;300;74;828
5750;300;10;828
5751;100;81;829
5752;250;26;829
5753;400;8;829
5754;100;261;829
5755;200;19;829
5756;250;19;829
5757;5000;270;829
5758;200;87;829
5759;100;265;829
5760;900;271;829
5761;1500;192;829
5762;100;172;830
5763;50;8;830
5764;200;4;830
5765;200;3;830
5766;500;35;830
5767;250;22;830
5768;20;28;831
5769;20;140;831
5770;10;31;831
5771;5;94;831
5772;50;4;832
5773;50;50;832
5774;50;172;832
5775;250;12;832
5776;200;87;832
5777;250;16;833
5778;50;50;833
5779;25;4;833
5780;25;14;833
5781;200;87;833
5782;30;87;834
5783;150;7;834
5784;10;8;834
5785;100;4;834
5786;10;11;834
5787;75;42;834
5788;120;26;835
5789;3;48;835
5790;15;8;835
5791;50;2;835
5792;200;3;836
5793;10;8;836
5794;40;77;837
5795;40;4;837
5796;7;81;837
5797;3;48;837
5798;3;21;837
5799;3;52;837
5800;6;6;837
5801;60;3;837
5802;180;272;837
5803;5;8;838
5804;100;9;838
5805;200;9;839
5806;400;10;840
5807;25;8;840
5808;25;88;840
5809;120;254;840
5810;30;14;840
5811;250;154;841
5812;30;94;841
5813;80;8;841
5814;350;28;841
5815;5;21;842
5816;20;237;842
5817;10;48;842
5818;5;51;842
5819;200;4;842
5820;140;3;842
5821;1500;15;842
5822;30;11;842
5823;300;10;843
5824;150;19;843
5825;300;92;843
5826;200;264;843
5827;150;265;843
5828;150;99;843
5829;7;88;843
5830;3;21;843
5831;200;264;844
5832;3;48;844
5833;10;8;844
5834;145;31;844
5835;220;26;844
5836;200;87;844
5837;50;8;845
5838;200;8;845
5839;5;48;845
5840;4;21;845
5841;5;129;845
5842;30;50;845
5843;30;6;845
5844;150;111;845
5845;150;3;845
5846;150;4;845
5847;500;35;845
5848;200;16;846
5849;250;13;846
5850;150;26;846
5851;100;4;846
5852;60;172;846
5853;4;48;846
5854;12;123;846
5855;100;92;846
5856;5;4;846
5857;5;6;846
5858;5;14;846
5859;30;140;847
5860;4;8;847
5861;110;26;847
5862;3;48;847
5863;200;272;848
5864;200;111;848
5865;100;3;848
5866;2;48;848
5867;1;21;848
5868;50;80;848
5869;2;21;849
5870;5;8;849
5871;10;214;849
5872;3;48;849
5873;100;4;849
5874;150;2;849
5875;50;0;849
5876;25;87;849
5877;25;216;849
5878;10;14;849
5879;10;14;850
5880;15;123;850
5881;10;6;850
5882;15;87;850
5883;130;31;850
5884;230;31;850
5885;200;76;850
5886;1;21;851
5887;15;102;851
5888;200;19;851
5889;270;5;851
5890;20;40;851
5891;35;8;851
5892;1;21;851
5893;300;18;851
5894;10;6;851
5895;150;92;851
5896;150;23;851
5897;20;87;851
5898;100;92;852
5899;70;111;852
5900;500;10;852
5901;20;40;852
5902;3;48;852
5903;3;21;852
5904;50;88;853
5905;50;31;853
5906;350;31;853
5907;20;40;853
5908;300;15;853
5909;200;19;853
5910;100;26;853
5911;250;92;853
5912;15;87;854
5913;3;21;854
5914;3;48;854
5915;150;31;854
5916;100;26;854
5917;200;7;854
5918;200;161;854
5919;20;81;854
5920;600;9;854
5921;38;4;854
5922;200;172;854
5923;8;8;855
5924;6;14;855
5925;6;6;855
5926;2;48;855
5927;200;19;855
5928;200;272;855
5929;120;272;856
5930;120;273;856
5931;50;14;856
5932;30;72;856
5933;100;31;856
5934;200;76;856
5935;20;274;857
5936;200;3;857
5937;150;4;857
5938;20;88;857
5939;20;40;857
5940;200;19;858
5941;300;50;858
5942;200;23;858
5943;150;10;858
5944;8;8;858
5945;4;48;858
5946;10;14;858
5947;10;6;858
5948;500;172;859
5949;5;11;859
5950;100;111;859
5951;150;26;859
5952;150;3;859
5953;75;4;859
5954;100;9;859
5955;400;2;859
5956;400;161;859
5957;300;4;860
5958;300;2;860
5959;300;3;860
5960;200;26;860
5961;250;176;860
5962;250;172;860
5963;200;14;860
5964;200;31;861
5965;600;21;861
5966;5;11;861
5967;80;172;861
5968;2;21;861
5969;100;172;862
5970;400;172;862
5971;20;14;862
5972;200;140;862
5973;200;19;862
5974;400;172;863
5975;1;21;863
5976;5;11;863
5977;150;26;863
5978;400;92;863
5979;100;4;863
5980;100;19;863
5981;100;5;863
5982;200;264;863
5983;180;13;863
5984;3;21;864
5985;100;231;864
5986;5;48;864
5987;300;10;864
5988;200;31;864
5989;250;123;864
5990;150;18;864
5991;100;80;865
5992;50;14;865
5993;10;8;865
5994;100;26;865
5995;40;26;865
5996;100;3;865
5997;150;4;865
5998;200;0;865
5999;180;12;865
6000;50;172;866
6001;150;4;866
6002;300;111;866
6003;300;3;866
6004;300;9;866
6005;300;161;866
6006;300;2;866
6007;150;111;867
6008;50;31;867
6009;15;214;867
6010;150;53;867
6011;30;40;867
6012;150;3;867
6013;30;8;867
6014;5;48;868
6015;20;14;868
6016;3;155;868
6017;25;30;868
6018;25;8;868
6019;250;153;868
6020;200;264;869
6021;400;92;869
6022;200;21;869
6023;100;100;869
6024;150;80;869
6025;3;48;869
6026;1;21;869
6027;400;21;870
6028;400;19;870
6029;300;275;870
6030;50;14;870
6031;150;80;870
6032;2;21;870
6033;3;48;871
6034;5;81;871
6035;200;5;871
6036;50;4;871
6037;20;11;871
6038;500;10;871
6039;200;21;871
6040;15;14;872
6041;100;19;872
6042;80;77;872
6043;180;153;872
6044;1500;76;873
6045;25;52;873
6046;50;48;873
6047;200;19;874
6048;200;90;874
6049;75;21;874
6050;15;8;874
6051;50;87;874
6052;10;14;874
6053;10;6;874
6054;25;7;875
6055;500;23;875
6056;15;11;875
6057;80;4;875
6058;50;8;875
6059;100;4;876
6060;200;21;876
6061;400;10;876
6062;400;92;876
6063;200;264;876
6064;100;172;876
6065;200;74;877
6066;60;2;877
6067;60;4;877
6068;100;21;877
6069;200;7;877
6070;200;19;877
6071;200;90;877
6072;15;8;877
6073;15;8;877
6074;300;272;878
6075;10;8;878
6076;5;40;878
6077;4;48;878
6078;100;87;879
6079;50;4;879
6080;50;4;879
6081;50;50;879
6082;100;77;879
6083;20;8;879
6084;3;48;879
6085;10;102;879
6086;20;11;880
6087;100;10;880
6088;50;8;880
6089;100;4;880
6090;100;3;880
6091;100;9;880
6092;100;50;880
6093;20;8;881
6094;3;48;881
6095;70;68;881
6096;75;151;881
6097;150;3;881
6098;200;10;882
6099;50;4;882
6100;10;8;882
6101;5;40;882
6102;185;33;882
6103;170;92;882
6104;20;88;883
6105;30;8;883
6106;500;12;883
6107;10;81;883
6108;150;4;883
6109;500;21;883
6110;100;154;884
6111;100;10;884
6112;20;4;884
6113;100;5;884
6114;100;21;884
6115;100;19;884
6116;100;99;884
6117;5;4;885
6118;5;14;885
6119;5;14;885
6120;6;11;885
6121;1000;25;885
6122;1000;30;885
6123;300;26;885
6124;40;48;885
6125;2;21;885
6126;2;120;885
6127;10;8;886
6128;5;40;886
6129;200;276;886
6130;100;23;886
6131;120;23;886
6132;1500;21;887
6133;1700;164;887
6134;200;11;887
6135;150;8;887
6136;150;48;887
6137;200;52;887
6138;100;6;887
6139;100;14;887
6140;400;81;887
6141;100;4;888
6142;100;4;888
6143;100;3;888
6144;200;0;888
6145;100;19;888
6146;50;172;888
6147;100;23;888
6148;200;26;889
6149;100;80;889
6150;150;19;889
6151;30;4;889
6152;300;10;889
6153;1000;159;890
6154;60;48;890
6155;16;51;890
6156;1000;7;890
6157;10;21;890
6158;15;21;890
6159;25;52;890
6160;150;4;890
6161;45;8;890
6162;15;115;890
6163;15;81;890
6164;3.1;48;891
6165;30.6;172;891
6166;153;31;891
6167;6.1;11;891
6168;5;277;892
6169;2;8;892
6170;3;102;892
6171;160;111;892
6172;60;26;893
6173;5;81;893
6174;25;87;893
6175;40;12;893
6176;40;21;893
6177;60;3;893
6178;10;94;893
6179;100;8;894
6180;100;29;894
6181;100;31;894
6182;150;26;894
6183;60;7;894
6184;60;30;894
6185;5;48;894
6186;80;48;895
6187;180;19;895
6188;136;33;895
6189;30;87;895
6190;300;87;896
6191;300;5;896
6192;50;4;896
6193;30;4;896
6194;200;92;896
6195;200;92;896
6196;30;40;896
6197;3;48;896
6198;2;21;896
6199;100;216;897
6200;400;169;897
6201;120;31;897
6202;40;27;897
6203;8;8;897
6204;10;40;897
6205;200;26;898
6206;200;19;898
6207;200;0;898
6208;100;87;898
6209;10;11;898
6210;3;48;898
6211;5;8;898
6212;30;31;899
6213;30;18;899
6214;70;18;899
6215;50;19;900
6216;200;153;900
6217;90;76;900
6218;4;136;900
6219;6;14;901
6220;150;60;901
6221;20;80;901
6222;3;21;901
6223;94;26;901
6224;45;21;901
6225;20;10;901
6226;108;5;902
6227;118;19;902
6228;76;21;902
6229;10;11;902
6230;20;14;902
6231;25;4;902
6232;201;10;902
6233;53;10;902
6234;63;3;902
6235;200;3;903
6236;200;1;903
6237;200;278;903
6238;10;102;903
6239;10;88;903
6240;5;8;903
6241;5;170;903
6242;5;81;903
6243;10;68;903
6244;5;52;904
6245;60;31;904
6246;20;80;904
6247;40;4;904
6248;10;172;904
6249;100;26;904
6250;300;111;904
6251;25;48;905
6252;50;4;905
6253;500;5;905
6254;100;144;905
6255;50;4;905
6256;3;8;906
6257;100;153;906
6258;80;26;906
6259;500;114;906
6260;100;7;907
6261;25;48;907
6262;50;8;907
6263;50;40;907
6264;50;27;907
6265;200;14;907
6266;200;5;907
6267;400;4;907
6268;400;53;907
6269;400;164;907
6270;50;30;908
6271;150;153;908
6272;20;14;909
6273;50;11;909
6274;100;31;909
6275;160;26;909
6276;200;35;909
6277;50;48;910
6278;100;52;910
6279;100;81;910
6280;150;8;910
6281;500;19;910
6282;500;21;910
6283;500;4;910
6284;1000;10;910
6285;600;3;910
6286;1000;5;910
6287;5;48;911
6288;50;153;911
6289;100;264;911
6290;5;48;912
6291;8;14;912
6292;20;4;912
6293;40;80;912
6294;40;21;912
6295;50;10;912
6296;50;12;912
6297;40;81;912
6298;100;21;913
6299;90;4;913
6300;4;48;913
6301;10;8;913
6302;10;6;913
6303;10;14;913
6304;200;5;913
6305;200;19;913
6306;150;77;913
6307;80;5;914
6308;50;31;914
6309;40;28;914
6310;100;28;915
6311;100;153;915
6312;20;14;915
6313;100;28;916
6314;50;26;916
6315;20;87;916
6316;50;19;916
6317;20;4;916
6318;2;48;916
6319;10;14;916
6320;300;3;917
6321;850;12;917
6322;50;8;917
6323;700;22;917
6324;50;172;917
6325;180;111;918
6326;5;48;918
6327;500;7;918
6328;15;14;918
6329;50;172;918
6330;75;21;918
6331;300;93;918
6332;200;279;918
6333;250;92;918
6334;2;51;918
6335;3;21;918
6336;25;4;919
6337;280;26;919
6338;350;77;919
6339;115;19;919
6340;300;18;920
6341;300;60;920
6342;200;264;920
6343;250;26;920
6344;130;265;920
6345;60;172;920
6346;10;14;920
6347;20;14;921
6348;200;26;921
6349;100;76;921
6350;400;76;921
6351;164;19;922
6352;207;92;922
6353;200;264;922
6354;190;26;922
6355;100;207;922
6356;8;94;922
6357;100;80;923
6358;40;8;923
6359;25;31;923
6360;500;74;923
6361;15;29;923
6362;10;52;924
6363;20;48;924
6364;170;81;924
6365;480;7;924
6366;800;0;924
6367;20;11;924
6368;5;51;924
6369;5;21;924
6370;200;21;924
6371;20;14;924
6372;150;8;924
6373;5;48;925
6374;100;26;925
6375;20;6;925
6376;80;29;925
6377;25;8;925
6378;20;14;925
6379;1000;10;925
6380;30;14;926
6381;5;48;926
6382;20;8;926
6383;5;11;926
6384;100;20;926
6385;80;4;926
6386;1000;10;926
6390;5;21;928
6391;5;48;928
6392;30;91;928
6393;300;72;928
6394;700;15;928
6395;450;164;929
6396;20;8;929
6397;100;29;929
6398;28;11;929
6399;200;172;929
6400;200;5;929
6401;65;14;929
6402;10;8;930
6403;50;31;930
6404;400;15;930
6405;70;21;930
6406;150;153;930
6407;220;5;930
6408;600;1;930
6409;5;11;930
6410;20;14;930
6411;100;14;931
6412;5000;7;931
6413;250;48;931
6414;300;52;931
6415;100;97;931
6416;100;11;931
6417;500;3;931
6418;2000;1;931
6419;1000;4;931
6420;3000;5;931
6421;3000;19;931
6422;10;21;931
6423;200;50;932
6424;160;111;932
6425;100;27;932
6426;100;87;932
6427;100;80;932
6428;50;26;933
6429;150;111;933
6430;200;145;933
6431;150;273;933
6432;350;12;933
6433;120;172;933
6434;10;40;933
6435;20;52;933
6436;5;48;933
6437;3;21;933
6438;350;31;934
6439;5;11;934
6440;15;6;934
6441;500;21;934
6442;500;5;934
6443;500;164;934
6444;50;80;934
6445;400;5;935
6446;400;1;935
6447;100;4;935
6448;20;11;935
6449;50;14;935
6450;10;8;935
6451;30;8;935
6452;30;31;935
6453;400;164;935
6454;400;53;936
6455;20;14;936
6456;40;81;936
6457;10;11;936
6458;70;27;936
6459;20;8;936
6460;20;239;936
6461;30;4;937
6462;20;80;937
6463;300;77;937
6464;10;40;938
6465;20;8;938
6466;50;4;938
6467;50;77;938
6468;10;14;938
6469;70;19;938
6470;70;5;938
6471;30;31;939
6472;50;91;939
6473;100;26;939
6474;300;1;939
6475;300;10;939